Processor,Card Type,Merchant Group,Customers,Attempted Captured Charges,Declined Captured Charges,Decline Capture Rate,Declined Net Product Revenue,Successful Captured Charges,Successful Capture Rate,Success Gross Product Revenue,Rewards Applied,Discounts Applied,Discount Rate,Successful Net Product Revenue,Shipping Revenue,Tax Collected,Gift Cards Applied,Revenue,Processed,Adjustments,Adjustment Rate,Successful Refunds,Declined Refunds,Refund Rate,Refunded Revenue,Refunded Revenue Rate,Full Refunds,Full Refund Rate,Partial Refunds,Partial Refund Rate,Successful Voids,Declined Voids,Void Rate,Voided Revenue,Voided Revenue Rate,Chargebacks,Chargeback Rate,Chargeback Revenue,Chargeback Revenue Rate,Alerts,Alert Rate,Alert Revenue,Alert Revenue Rate,Net Revenue,Cost of Revenue,Cost of Goods Sold,Ad Spend,Chargeback Fees,Alert Fees,Processing Fees,Profit,Profit Margin
APPS,Mastercard,SpecifiConLLC,771,723,421,58.23%,"$16,921.86",302,41.77%,"$10,684.75",$0.00,$0.00,0.00%,"$10,684.75",$0.00,$0.00,$0.00,"$10,684.75","$10,684.75","$3,975.27",37.21%,5,0,1.66%,$142.07,1.33%,4,80.00%,1,20.00%,5,0,1.66%,$64.45,0.60%,6,1.99%,$440.19,4.12%,69,22.85%,"$3,328.56",31.15%,"$6,709.48",$887.75,$0.00,$0.00,$210.00,$0.00,$677.75,"$5,821.73",54.49%
APPS,Visa,SpecifiConLLC,"1,738","1,712","1,312",76.64%,"$44,227.82",400,23.36%,"$9,322.38",$0.00,$0.00,0.00%,"$9,322.38",$0.00,$0.00,$0.00,"$9,322.38","$9,322.38","$2,550.79",27.36%,8,0,2.00%,$453.18,4.86%,8,100.00%,0,0.00%,4,0,1.00%,$137.56,1.48%,0,0.00%,$0.00,0.00%,49,12.25%,"$1,960.05",21.03%,"$6,771.59",$807.08,$0.00,$0.00,$0.00,$0.00,$807.08,"$5,964.51",63.98%
Luqra,Mastercard,,593,598,533,89.13%,"$48,624.37",65,10.87%,"$6,121.55",$0.00,$0.00,0.00%,"$6,121.55",$0.00,$0.00,$0.00,"$6,121.55","$6,121.55",$0.00,0.00%,0,0,0.00%,$0.00,0.00%,0,0.00%,0,0.00%,0,0,0.00%,$0.00,0.00%,0,0.00%,$0.00,0.00%,0,0.00%,$0.00,0.00%,"$6,121.55",$0.00,$0.00,$0.00,$0.00,$0.00,$0.00,"$6,121.55",100.00%
Luqra,Visa,,"1,159","1,165","1,125",96.57%,"$107,881.95",40,3.43%,"$3,547.20",$0.00,$0.00,0.00%,"$3,547.20",$0.00,$0.00,$0.00,"$3,547.20","$3,547.20",$0.00,0.00%,0,0,0.00%,$0.00,0.00%,0,0.00%,0,0.00%,0,0,0.00%,$0.00,0.00%,0,0.00%,$0.00,0.00%,0,0.00%,$0.00,0.00%,"$3,547.20",$0.00,$0.00,$0.00,$0.00,$0.00,$0.00,"$3,547.20",100.00%
NETEVIA,Mastercard,BrightAdvantageLLC,"1,025",979,582,59.45%,"$25,172.72",397,40.55%,"$15,005.69",$0.00,$0.00,0.00%,"$15,005.69",$0.00,$0.00,$0.00,"$15,005.69","$15,005.69","$4,303.11",28.68%,0,0,0.00%,$0.00,0.00%,0,0.00%,0,0.00%,0,0,0.00%,$0.00,0.00%,17,4.28%,"$1,071.84",7.14%,74,18.64%,"$3,231.27",21.53%,"$10,702.58","$1,284.69",$0.00,$0.00,$340.00,$0.00,$944.69,"$9,417.89",62.76%
NETEVIA,Mastercard,DiamondSphereLLC,"1,146","1,100",622,56.55%,"$29,324.17",478,43.45%,"$19,793.71",$0.00,$0.00,0.00%,"$19,793.71",$0.00,$0.00,$0.00,"$19,793.71","$19,793.71","$6,051.54",30.57%,2,0,0.42%,$25.78,0.13%,2,100.00%,0,0.00%,3,0,0.63%,$38.67,0.20%,8,1.67%,$586.92,2.97%,92,19.25%,"$5,400.17",27.28%,"$13,742.17","$1,367.81",$0.00,$0.00,$160.00,$0.00,"$1,207.81","$12,374.36",62.52%
NETEVIA,Mastercard,PrimeSmartSolutionsLLC,703,671,417,62.15%,"$24,958.50",254,37.85%,"$15,238.63",$0.00,$0.00,0.00%,"$15,238.63",$0.00,$0.00,$0.00,"$15,238.63","$15,238.63","$3,713.42",24.37%,3,0,1.18%,$133.57,0.88%,0,0.00%,3,100.00%,0,0,0.00%,$0.00,0.00%,4,1.57%,$293.46,1.93%,54,21.26%,"$3,286.39",21.57%,"$11,525.21",$975.23,$0.00,$0.00,$80.00,$0.00,$895.23,"$10,549.98",69.23%
NETEVIA,Mastercard,SpecifiConLLC,951,912,519,56.91%,"$22,505.89",393,43.09%,"$14,131.09",$0.00,$0.00,0.00%,"$14,131.09",$0.00,$0.00,$0.00,"$14,131.09","$14,131.09","$3,446.63",24.39%,3,0,0.76%,$73.62,0.52%,3,100.00%,0,0.00%,5,0,1.27%,$64.45,0.46%,5,1.27%,$306.35,2.17%,69,17.56%,"$3,002.21",21.25%,"$10,684.46",$987.54,$0.00,$0.00,$100.00,$0.00,$887.54,"$9,696.92",68.62%
NETEVIA,Mastercard,UniquePlusLLC,675,646,398,61.61%,"$19,593.82",248,38.39%,"$12,473.69",$0.00,$0.00,0.00%,"$12,473.69",$0.00,$0.00,$0.00,"$12,473.69","$12,473.69","$4,479.03",35.91%,1,0,0.40%,$12.89,0.10%,1,100.00%,0,0.00%,1,0,0.40%,$12.89,0.10%,6,2.42%,$440.19,3.53%,57,22.98%,"$4,013.06",32.17%,"$7,994.66",$871.99,$0.00,$0.00,$120.00,$0.00,$751.99,"$7,122.67",57.10%
NETEVIA,Visa,BrightAdvantageLLC,"2,101","2,099","1,715",81.71%,"$64,985.51",384,18.29%,"$8,747.87",$0.00,$0.00,0.00%,"$8,747.87",$0.00,$0.00,$0.00,"$8,747.87","$8,747.87","$1,080.44",12.35%,4,0,1.04%,$165.72,1.89%,2,50.00%,2,50.00%,9,0,2.34%,$116.01,1.33%,0,0.00%,$0.00,0.00%,20,5.21%,$798.71,9.13%,"$7,667.43",$855.67,$0.00,$0.00,$0.00,$0.00,$855.67,"$6,811.76",77.87%
NETEVIA,Visa,DiamondSphereLLC,"2,196","2,174","1,699",78.15%,"$70,724.89",475,21.85%,"$11,769.95",$0.00,$0.00,0.00%,"$11,769.95",$0.00,$0.00,$0.00,"$11,769.95","$11,769.95","$2,298.87",19.53%,10,0,2.11%,$274.21,2.33%,8,80.00%,2,20.00%,4,1,0.84%,$51.56,0.44%,3,0.63%,$38.67,0.33%,43,9.05%,"$1,934.43",16.44%,"$9,471.08","$1,081.40",$0.00,$0.00,$60.00,$0.00,"$1,021.40","$8,389.68",71.28%
NETEVIA,Visa,PrimeSmartSolutionsLLC,"1,286","1,280","1,112",86.88%,"$62,775.73",168,13.13%,"$7,129.86",$0.00,$0.00,0.00%,"$7,129.86",$0.00,$0.00,$0.00,"$7,129.86","$7,129.86","$2,340.06",32.82%,5,0,2.98%,$368.43,5.17%,4,80.00%,1,20.00%,3,1,1.79%,$73.62,1.03%,1,0.60%,$12.89,0.18%,25,14.88%,"$1,885.12",26.44%,"$4,789.80",$631.86,$0.00,$0.00,$20.00,$0.00,$611.86,"$4,157.94",58.32%
NETEVIA,Visa,SpecifiConLLC,"1,719","1,702","1,298",76.26%,"$47,996.00",404,23.74%,"$8,072.95",$0.00,$0.00,0.00%,"$8,072.95",$0.00,$0.00,$0.00,"$8,072.95","$8,072.95","$1,756.45",21.76%,9,0,2.23%,$222.46,2.76%,8,88.89%,1,11.11%,2,2,0.50%,$25.78,0.32%,3,0.74%,$130.73,1.62%,38,9.41%,"$1,377.48",17.06%,"$6,316.50",$802.35,$0.00,$0.00,$60.00,$0.00,$742.35,"$5,514.15",68.30%
NETEVIA,Visa,UniquePlusLLC,"1,304","1,296","1,089",84.03%,"$53,866.20",207,15.97%,"$6,143.09",$0.00,$0.00,0.00%,"$6,143.09",$0.00,$0.00,$0.00,"$6,143.09","$6,143.09",$945.45,15.39%,8,0,3.86%,$331.53,5.40%,3,37.50%,5,62.50%,6,0,2.90%,$83.40,1.36%,0,0.00%,$0.00,0.00%,14,6.76%,$530.52,8.64%,"$5,197.64",$565.59,$0.00,$0.00,$0.00,$0.00,$565.59,"$4,632.05",75.40%
PAYARC,Mastercard,BrightAdvantageLLC,393,361,193,53.46%,"$10,859.02",168,46.54%,"$10,552.80",$0.00,$0.00,0.00%,"$10,552.80",$0.00,$0.00,$0.00,"$10,552.80","$10,552.80","$4,500.56",42.65%,2,0,1.19%,$148.33,1.41%,1,50.00%,1,50.00%,1,0,0.60%,$12.89,0.12%,6,3.57%,$542.29,5.14%,50,29.76%,"$3,797.05",35.98%,"$6,052.24",$731.15,$0.00,$0.00,$132.00,$0.00,$599.15,"$5,321.09",50.42%
PAYARC,Mastercard,DiamondSphereLLC,321,309,185,59.87%,"$6,509.52",124,40.13%,"$4,441.19",$0.00,$0.00,0.00%,"$4,441.19",$0.00,$0.00,$0.00,"$4,441.19","$4,441.19","$1,343.60",30.25%,0,0,0.00%,$0.00,0.00%,0,0.00%,0,0.00%,2,0,1.61%,$25.78,0.58%,2,1.61%,$146.73,3.30%,16,12.90%,"$1,171.09",26.37%,"$3,097.59",$327.34,$0.00,$0.00,$44.00,$0.00,$283.34,"$2,770.25",62.38%
PAYARC,Mastercard,PrimeSmartSolutionsLLC,712,675,396,58.67%,"$16,877.23",279,41.33%,"$11,097.47",$0.00,$0.00,0.00%,"$11,097.47",$0.00,$0.00,$0.00,"$11,097.47","$11,097.47","$3,932.61",35.44%,1,0,0.36%,$98.89,0.89%,1,100.00%,0,0.00%,3,0,1.08%,$38.67,0.35%,7,2.51%,$475.24,4.28%,64,22.94%,"$3,319.81",29.92%,"$7,164.86",$842.87,$0.00,$0.00,$154.00,$0.00,$688.87,"$6,321.99",56.97%
PAYARC,Mastercard,SalesShield,589,600,584,97.33%,"$53,923.01",16,2.67%,"$1,531.19",$0.00,$0.00,0.00%,"$1,531.19",$0.00,$0.00,$0.00,"$1,531.19","$1,531.19",$0.00,0.00%,0,0,0.00%,$0.00,0.00%,0,0.00%,0,0.00%,0,0,0.00%,$0.00,0.00%,0,0.00%,$0.00,0.00%,0,0.00%,$0.00,0.00%,"$1,531.19",$0.00,$0.00,$0.00,$0.00,$0.00,$0.00,"$1,531.19",100.00%
PAYARC,Mastercard,SpecifiConLLC,413,408,274,67.16%,"$9,264.59",134,32.84%,"$4,741.11",$0.00,$0.00,0.00%,"$4,741.11",$0.00,$0.00,$0.00,"$4,741.11","$4,741.11","$1,437.99",30.33%,0,0,0.00%,$0.00,0.00%,0,0.00%,0,0.00%,2,0,1.49%,$25.78,0.54%,2,1.49%,$146.73,3.09%,23,17.16%,"$1,265.48",26.69%,"$3,303.12",$362.26,$0.00,$0.00,$44.00,$0.00,$318.26,"$2,940.86",62.03%
PAYARC,Mastercard,UniquePlusLLC,157,143,79,55.24%,"$5,670.18",64,44.76%,"$4,921.72",$0.00,$0.00,0.00%,"$4,921.72",$0.00,$0.00,$0.00,"$4,921.72","$4,921.72","$1,882.17",38.24%,0,0,0.00%,$0.00,0.00%,0,0.00%,0,0.00%,0,0,0.00%,$0.00,0.00%,0,0.00%,$0.00,0.00%,23,35.94%,"$1,882.17",38.24%,"$3,039.55",$274.47,$0.00,$0.00,$0.00,$0.00,$274.47,"$2,765.08",56.18%
PAYARC,Visa,BrightAdvantageLLC,816,806,618,76.67%,"$33,763.99",188,23.33%,"$5,533.70",$0.00,$0.00,0.00%,"$5,533.70",$0.00,$0.00,$0.00,"$5,533.70","$5,533.70","$1,212.04",21.90%,8,0,4.26%,$454.34,8.21%,6,75.00%,2,25.00%,4,1,2.13%,$137.56,2.49%,0,0.00%,$0.00,0.00%,16,8.51%,$620.14,11.21%,"$4,321.66",$437.15,$0.00,$0.00,$0.00,$0.00,$437.15,"$3,884.51",70.20%
PAYARC,Visa,DiamondSphereLLC,756,750,606,80.80%,"$19,697.21",144,19.20%,"$3,224.20",$0.00,$0.00,0.00%,"$3,224.20",$0.00,$0.00,$0.00,"$3,224.20","$3,224.20",$497.58,15.43%,3,0,2.08%,$75.22,2.33%,2,66.67%,1,33.33%,4,0,2.78%,$51.56,1.60%,0,0.00%,$0.00,0.00%,10,6.94%,$370.80,11.50%,"$2,726.62",$310.60,$0.00,$0.00,$0.00,$0.00,$310.60,"$2,416.02",74.93%
PAYARC,Visa,PrimeSmartSolutionsLLC,"1,576","1,567","1,252",79.90%,"$48,237.60",315,20.10%,"$8,818.17",$0.00,$0.00,0.00%,"$8,818.17",$0.00,$0.00,$0.00,"$8,818.17","$8,818.17","$1,712.89",19.42%,4,0,1.27%,$148.59,1.69%,3,75.00%,1,25.00%,5,0,1.59%,$64.45,0.73%,0,0.00%,$0.00,0.00%,28,8.89%,"$1,499.85",17.01%,"$7,105.28",$753.22,$0.00,$0.00,$0.00,$0.00,$753.22,"$6,352.06",72.03%
PAYARC,Visa,SalesShield,"1,175","1,182","1,143",96.70%,"$109,764.07",39,3.30%,"$3,448.31",$0.00,$0.00,0.00%,"$3,448.31",$0.00,$0.00,$0.00,"$3,448.31","$3,448.31",$98.89,2.87%,0,0,0.00%,$0.00,0.00%,0,0.00%,0,0.00%,1,0,2.56%,$98.89,2.87%,0,0.00%,$0.00,0.00%,0,0.00%,$0.00,0.00%,"$3,349.42",$0.00,$0.00,$0.00,$0.00,$0.00,$0.00,"$3,349.42",97.13%
PAYARC,Visa,SpecifiConLLC,"1,122","1,117",922,82.54%,"$27,492.72",195,17.46%,"$4,301.81",$0.00,$0.00,0.00%,"$4,301.81",$0.00,$0.00,$0.00,"$4,301.81","$4,301.81",$854.76,19.87%,6,0,3.08%,$166.42,3.87%,3,50.00%,3,50.00%,2,0,1.03%,$31.84,0.74%,0,0.00%,$0.00,0.00%,16,8.21%,$656.50,15.26%,"$3,447.05",$438.16,$0.00,$0.00,$0.00,$0.00,$438.16,"$3,008.89",69.94%
PAYARC,Visa,UniquePlusLLC,287,281,250,88.97%,"$17,305.97",31,11.03%,"$1,871.25",$0.00,$0.00,0.00%,"$1,871.25",$0.00,$0.00,$0.00,"$1,871.25","$1,871.25",$890.01,47.56%,1,0,3.23%,$98.89,5.28%,1,100.00%,0,0.00%,0,0,0.00%,$0.00,0.00%,1,3.23%,$98.89,5.28%,7,22.58%,$692.23,36.99%,$981.24,$171.70,$0.00,$0.00,$22.00,$0.00,$149.70,$809.54,43.26%
PAYSAFE,Mastercard,BrightAdvantageLLC,185,178,114,64.04%,"$2,287.96",64,35.96%,"$1,209.97",$0.00,$0.00,0.00%,"$1,209.97",$0.00,$0.00,$0.00,"$1,209.97","$1,209.97",$228.58,18.89%,1,0,1.56%,$4.51,0.37%,0,0.00%,1,100.00%,0,0,0.00%,$0.00,0.00%,0,0.00%,$0.00,0.00%,8,12.50%,$224.07,18.52%,$981.39,$95.82,$0.00,$0.00,$0.00,$0.00,$95.82,$885.57,73.19%
PAYSAFE,Mastercard,DiamondSphereLLC,177,175,112,64.00%,"$1,528.52",63,36.00%,$830.25,$0.00,$0.00,0.00%,$830.25,$0.00,$0.00,$0.00,$830.25,$830.25,$125.18,15.08%,1,0,1.59%,$12.89,1.55%,1,100.00%,0,0.00%,1,0,1.59%,$12.89,1.55%,0,0.00%,$0.00,0.00%,5,7.94%,$99.40,11.97%,$705.07,$76.25,$0.00,$0.00,$0.00,$0.00,$76.25,$628.82,75.74%
PAYSAFE,Mastercard,PrimeSmartSolutionsLLC,448,445,344,77.30%,"$6,273.74",101,22.70%,"$2,301.27",$0.00,$0.00,0.00%,"$2,301.27",$0.00,$0.00,$0.00,"$2,301.27","$2,301.27",$227.02,9.86%,0,0,0.00%,$0.00,0.00%,0,0.00%,0,0.00%,2,0,1.98%,$111.78,4.86%,0,0.00%,$0.00,0.00%,8,7.92%,$115.24,5.01%,"$2,074.25",$203.77,$0.00,$0.00,$0.00,$0.00,$203.77,"$1,870.48",81.28%
PAYSAFE,Mastercard,SpecifiConLLC,210,209,160,76.56%,"$2,933.48",49,23.44%,$708.98,$0.00,$0.00,0.00%,$708.98,$0.00,$0.00,$0.00,$708.98,$708.98,$38.67,5.45%,0,0,0.00%,$0.00,0.00%,0,0.00%,0,0.00%,1,0,2.04%,$12.89,1.82%,0,0.00%,$0.00,0.00%,2,4.08%,$25.78,3.64%,$670.31,$77.08,$0.00,$0.00,$0.00,$0.00,$77.08,$593.23,83.67%
PAYSAFE,Mastercard,UniquePlusLLC,2,2,2,100.00%,$37.90,0,0.00%,$0.00,$0.00,$0.00,0.00%,$0.00,$0.00,$0.00,$0.00,$0.00,$0.00,$0.00,0.00%,0,0,0.00%,$0.00,0.00%,0,0.00%,0,0.00%,0,0,0.00%,$0.00,0.00%,0,0.00%,$0.00,0.00%,0,0.00%,$0.00,0.00%,$0.00,$0.40,$0.00,$0.00,$0.00,$0.00,$0.40,$-0.40,0.00%
PAYSAFE,Visa,BrightAdvantageLLC,530,526,429,81.56%,"$6,169.09",97,18.44%,"$1,493.64",$0.00,$0.00,0.00%,"$1,493.64",$0.00,$0.00,$0.00,"$1,493.64","$1,493.64",$96.68,6.47%,2,0,2.06%,$19.34,1.29%,1,50.00%,1,50.00%,0,0,0.00%,$0.00,0.00%,0,0.00%,$0.00,0.00%,6,6.19%,$77.34,5.18%,"$1,396.96",$179.49,$0.00,$0.00,$0.00,$0.00,$179.49,"$1,217.47",81.51%
PAYSAFE,Visa,DiamondSphereLLC,532,530,389,73.40%,"$5,147.53",141,26.60%,"$1,890.21",$0.00,$0.00,0.00%,"$1,890.21",$0.00,$0.00,$0.00,"$1,890.21","$1,890.21",$76.57,4.05%,1,2,0.71%,$12.89,0.68%,1,100.00%,0,0.00%,2,0,1.42%,$25.78,1.36%,0,0.00%,$0.00,0.00%,2,1.42%,$37.90,2.01%,"$1,813.64",$199.96,$0.00,$0.00,$0.00,$0.00,$199.96,"$1,613.68",85.37%
PAYSAFE,Visa,PrimeSmartSolutionsLLC,"1,257","1,258",976,77.58%,"$16,807.47",282,22.42%,"$5,030.59",$0.00,$0.00,0.00%,"$5,030.59",$0.00,$0.00,$0.00,"$5,030.59","$5,030.59",$118.89,2.36%,4,1,1.42%,$55.21,1.10%,2,50.00%,2,50.00%,1,0,0.35%,$18.95,0.38%,2,0.71%,$31.84,0.63%,1,0.35%,$12.89,0.26%,"$4,911.70",$572.64,$0.00,$0.00,$70.00,$0.00,$502.64,"$4,339.06",86.25%
PAYSAFE,Visa,SpecifiConLLC,658,657,485,73.82%,"$8,398.84",172,26.18%,"$2,534.03",$0.00,$0.00,0.00%,"$2,534.03",$0.00,$0.00,$0.00,"$2,534.03","$2,534.03",$300.38,11.85%,0,0,0.00%,$0.00,0.00%,0,0.00%,0,0.00%,5,0,2.91%,$70.51,2.78%,0,0.00%,$0.00,0.00%,11,6.40%,$229.87,9.07%,"$2,233.65",$257.58,$0.00,$0.00,$0.00,$0.00,$257.58,"$1,976.07",77.98%
PAYSAFE,Visa,UniquePlusLLC,6,5,5,100.00%,$94.75,0,0.00%,$0.00,$0.00,$0.00,0.00%,$0.00,$0.00,$0.00,$0.00,$0.00,$0.00,$12.89,0.00%,0,0,0.00%,$0.00,0.00%,0,0.00%,0,0.00%,0,0,0.00%,$0.00,0.00%,0,0.00%,$0.00,0.00%,1,0.00%,$12.89,0.00%,$-12.89,$1.00,$0.00,$0.00,$0.00,$0.00,$1.00,$-13.89,0.00%
PRIORITY,Mastercard,BrightAdvantageLLC,751,713,446,62.55%,"$18,170.96",267,37.45%,"$11,908.54",$0.00,$0.00,0.00%,"$11,908.54",$0.00,$0.00,$0.00,"$11,908.54","$11,908.54","$4,013.54",33.70%,5,0,1.87%,$359.00,3.01%,4,80.00%,1,20.00%,3,0,1.12%,$38.67,0.32%,10,3.75%,$835.75,7.02%,52,19.48%,"$2,780.12",23.35%,"$7,895.00","$1,087.04",$0.00,$0.00,$350.00,$0.00,$737.04,"$6,807.96",57.17%
PRIORITY,Mastercard,DiamondSphereLLC,629,597,331,55.44%,"$15,033.90",266,44.56%,"$12,332.02",$0.00,$0.00,0.00%,"$12,332.02",$0.00,$0.00,$0.00,"$12,332.02","$12,332.02","$4,917.94",39.88%,2,0,0.75%,$62.34,0.51%,1,50.00%,1,50.00%,1,1,0.38%,$12.89,0.10%,4,1.50%,$309.56,2.51%,70,26.32%,"$4,533.15",36.76%,"$7,414.08",$874.87,$0.00,$0.00,$140.00,$0.00,$734.87,"$6,539.21",53.03%
PRIORITY,Mastercard,PrimeSmartSolutionsLLC,693,665,352,52.93%,"$15,458.10",313,47.07%,"$12,310.27",$0.00,$0.00,0.00%,"$12,310.27",$0.00,$0.00,$0.00,"$12,310.27","$12,310.27","$3,700.40",30.06%,3,0,0.96%,$159.62,1.30%,3,100.00%,0,0.00%,3,0,0.96%,$38.67,0.31%,3,0.96%,$245.62,2.00%,58,18.53%,"$3,256.49",26.45%,"$8,609.87",$852.17,$0.00,$0.00,$105.00,$0.00,$747.17,"$7,757.70",63.02%
PRIORITY,Mastercard,SpecifiConLLC,413,384,193,50.26%,"$13,870.47",191,49.74%,"$13,854.84",$0.00,$0.00,0.00%,"$13,854.84",$0.00,$0.00,$0.00,"$13,854.84","$13,854.84","$3,778.71",27.27%,0,0,0.00%,$0.00,0.00%,0,0.00%,0,0.00%,1,0,0.52%,$98.89,0.71%,4,2.09%,$395.56,2.86%,49,25.65%,"$3,284.26",23.70%,"$10,076.13",$908.79,$0.00,$0.00,$140.00,$0.00,$768.79,"$9,167.34",66.17%
PRIORITY,Mastercard,UniquePlusLLC,641,604,354,58.61%,"$15,356.45",250,41.39%,"$12,229.40",$0.00,$0.00,0.00%,"$12,229.40",$0.00,$0.00,$0.00,"$12,229.40","$12,229.40","$4,107.88",33.59%,2,0,0.80%,$31.84,0.26%,2,100.00%,0,0.00%,2,0,0.80%,$111.78,0.91%,5,2.00%,$392.35,3.21%,60,24.00%,"$3,571.91",29.21%,"$8,121.52",$906.25,$0.00,$0.00,$175.00,$0.00,$731.25,"$7,215.27",59.00%
PRIORITY,Visa,BrightAdvantageLLC,"1,244","1,244","1,026",82.48%,"$16,843.50",218,17.52%,"$3,249.58",$0.00,$0.00,0.00%,"$3,249.58",$0.00,$0.00,$0.00,"$3,249.58","$3,249.58",$64.45,1.98%,3,0,1.38%,$38.67,1.19%,3,100.00%,0,0.00%,2,1,0.92%,$25.78,0.79%,0,0.00%,$0.00,0.00%,0,0.00%,$0.00,0.00%,"$3,185.13",$410.73,$0.00,$0.00,$0.00,$0.00,$410.73,"$2,774.40",85.38%
PRIORITY,Visa,DiamondSphereLLC,924,923,751,81.37%,"$9,965.21",172,18.63%,"$2,223.14",$0.00,$0.00,0.00%,"$2,223.14",$0.00,$0.00,$0.00,"$2,223.14","$2,223.14",$125.18,5.63%,1,0,0.58%,$12.89,0.58%,1,100.00%,0,0.00%,5,0,2.91%,$64.45,2.90%,1,0.58%,$47.84,2.15%,0,0.00%,$0.00,0.00%,"$2,097.96",$329.99,$0.00,$0.00,$35.00,$0.00,$294.99,"$1,767.97",79.53%
PRIORITY,Visa,PrimeSmartSolutionsLLC,"1,062","1,061",819,77.19%,"$12,255.66",242,22.81%,"$3,337.96",$0.00,$0.00,0.00%,"$3,337.96",$0.00,$0.00,$0.00,"$3,337.96","$3,337.96",$77.14,2.31%,4,0,1.65%,$51.36,1.54%,3,75.00%,1,25.00%,2,0,0.83%,$25.78,0.77%,0,0.00%,$0.00,0.00%,0,0.00%,$0.00,0.00%,"$3,260.82",$378.11,$0.00,$0.00,$0.00,$0.00,$378.11,"$2,882.71",86.36%
PRIORITY,Visa,SpecifiConLLC,233,233,187,80.26%,"$2,531.63",46,19.74%,$629.30,$0.00,$0.00,0.00%,$629.30,$0.00,$0.00,$0.00,$629.30,$629.30,$0.00,0.00%,0,0,0.00%,$0.00,0.00%,0,0.00%,0,0.00%,0,0,0.00%,$0.00,0.00%,0,0.00%,$0.00,0.00%,0,0.00%,$0.00,0.00%,$629.30,$77.90,$0.00,$0.00,$0.00,$0.00,$77.90,$551.40,87.62%
PRIORITY,Visa,UniquePlusLLC,922,922,744,80.69%,"$10,438.56",178,19.31%,"$2,451.98",$0.00,$0.00,0.00%,"$2,451.98",$0.00,$0.00,$0.00,"$2,451.98","$2,451.98",$57.62,2.35%,2,0,1.12%,$25.78,1.05%,2,100.00%,0,0.00%,2,1,1.12%,$31.84,1.30%,0,0.00%,$0.00,0.00%,0,0.00%,$0.00,0.00%,"$2,394.36",$306.38,$0.00,$0.00,$0.00,$0.00,$306.38,"$2,087.98",85.15%
PayArc,Mastercard,,621,630,607,96.35%,"$56,095.38",23,3.65%,"$2,172.37",$0.00,$0.00,0.00%,"$2,172.37",$0.00,$0.00,$0.00,"$2,172.37","$2,172.37",$98.89,4.55%,1,0,4.35%,$98.89,4.55%,1,100.00%,0,0.00%,0,0,0.00%,$0.00,0.00%,0,0.00%,$0.00,0.00%,0,0.00%,$0.00,0.00%,"$2,073.48",$0.00,$0.00,$0.00,$0.00,$0.00,$0.00,"$2,073.48",95.45%
PayArc,Visa,,"1,150","1,153","1,077",93.41%,"$104,360.43",76,6.59%,"$7,056.19",$0.00,$0.00,0.00%,"$7,056.19",$0.00,$0.00,$0.00,"$7,056.19","$7,056.19",$0.00,0.00%,0,0,0.00%,$0.00,0.00%,0,0.00%,0,0.00%,0,0,0.00%,$0.00,0.00%,0,0.00%,$0.00,0.00%,0,0.00%,$0.00,0.00%,"$7,056.19",$0.00,$0.00,$0.00,$0.00,$0.00,$0.00,"$7,056.19",100.00%
QUANTUM,Mastercard,BrightAdvantageLLC,906,864,499,57.75%,"$23,286.98",365,42.25%,"$16,781.87",$0.00,$0.00,0.00%,"$16,781.87",$0.00,$0.00,$0.00,"$16,781.87","$16,781.87","$5,267.15",31.39%,5,1,1.37%,$341.30,2.03%,5,100.00%,0,0.00%,1,0,0.27%,$12.89,0.08%,8,2.19%,$345.02,2.06%,92,25.21%,"$4,567.94",27.22%,"$11,514.72","$1,290.72",$0.00,$0.00,$280.00,$0.00,"$1,010.72","$10,224.00",60.92%
QUANTUM,Mastercard,DiamondSphereLLC,992,955,552,57.80%,"$25,122.72",403,42.20%,"$17,179.18",$0.00,$0.00,0.00%,"$17,179.18",$0.00,$0.00,$0.00,"$17,179.18","$17,179.18","$5,768.75",33.58%,4,2,0.99%,$244.01,1.42%,3,75.00%,1,25.00%,2,0,0.50%,$25.78,0.15%,6,1.49%,$440.19,2.56%,95,23.57%,"$5,058.77",29.45%,"$11,410.43","$1,258.63",$0.00,$0.00,$210.00,$0.00,"$1,048.63","$10,151.80",59.09%
QUANTUM,Mastercard,SalesShield,594,604,541,89.57%,"$49,874.94",63,10.43%,"$5,923.77",$0.00,$0.00,0.00%,"$5,923.77",$0.00,$0.00,$0.00,"$5,923.77","$5,923.77",$98.89,1.67%,1,0,1.59%,$98.89,1.67%,1,100.00%,0,0.00%,0,0,0.00%,$0.00,0.00%,0,0.00%,$0.00,0.00%,0,0.00%,$0.00,0.00%,"$5,824.88",$0.00,$0.00,$0.00,$0.00,$0.00,$0.00,"$5,824.88",98.33%
QUANTUM,Mastercard,SpecifiConLLC,960,912,501,54.93%,"$23,753.41",411,45.07%,"$17,506.18",$0.00,$0.00,0.00%,"$17,506.18",$0.00,$0.00,$0.00,"$17,506.18","$17,506.18","$4,699.03",26.84%,3,1,0.73%,$159.62,0.91%,3,100.00%,0,0.00%,3,1,0.73%,$73.62,0.42%,5,1.22%,$443.40,2.53%,82,19.95%,"$4,022.39",22.98%,"$12,807.15","$1,231.23",$0.00,$0.00,$175.00,$0.00,"$1,056.23","$11,575.92",66.12%
QUANTUM,Mastercard,UniquePlusLLC,970,904,500,55.31%,"$23,072.38",404,44.69%,"$17,449.83",$0.00,$0.00,0.00%,"$17,449.83",$0.00,$0.00,$0.00,"$17,449.83","$17,449.83","$6,816.28",39.06%,1,1,0.25%,$98.89,0.57%,1,100.00%,0,0.00%,3,0,0.74%,$73.62,0.42%,9,2.23%,$494.96,2.84%,114,28.22%,"$6,148.81",35.24%,"$10,633.55","$1,366.78",$0.00,$0.00,$315.00,$0.00,"$1,051.78","$9,266.77",53.11%
QUANTUM,Visa,BrightAdvantageLLC,"1,652","1,632","1,274",78.06%,"$55,518.46",358,21.94%,"$9,748.19",$0.00,$0.00,0.00%,"$9,748.19",$0.00,$0.00,$0.00,"$9,748.19","$9,748.19","$1,574.49",16.15%,5,0,1.40%,$162.57,1.67%,5,100.00%,0,0.00%,1,1,0.28%,$12.89,0.13%,1,0.28%,$12.89,0.13%,32,8.94%,"$1,386.14",14.22%,"$8,173.70",$847.54,$0.00,$0.00,$35.00,$0.00,$812.54,"$7,326.16",75.15%
QUANTUM,Visa,DiamondSphereLLC,"1,905","1,897","1,571",82.81%,"$69,371.72",326,17.19%,"$10,042.67",$0.00,$0.00,0.00%,"$10,042.67",$0.00,$0.00,$0.00,"$10,042.67","$10,042.67","$1,995.62",19.87%,9,0,2.76%,$341.56,3.40%,6,66.67%,3,33.33%,11,2,3.37%,$297.69,2.96%,2,0.61%,$95.68,0.95%,38,11.66%,"$1,260.69",12.55%,"$8,047.05",$950.42,$0.00,$0.00,$70.00,$0.00,$880.42,"$7,096.63",70.66%
QUANTUM,Visa,SalesShield,"1,254","1,259","1,174",93.25%,"$112,472.31",85,6.75%,"$7,588.85",$0.00,$0.00,0.00%,"$7,588.85",$0.00,$0.00,$0.00,"$7,588.85","$7,588.85",$34.61,0.46%,1,0,1.18%,$34.61,0.46%,0,0.00%,1,100.00%,0,0,0.00%,$0.00,0.00%,0,0.00%,$0.00,0.00%,0,0.00%,$0.00,0.00%,"$7,554.24",$0.00,$0.00,$0.00,$0.00,$0.00,$0.00,"$7,554.24",99.54%
QUANTUM,Visa,SpecifiConLLC,"1,851","1,839","1,510",82.11%,"$64,328.00",329,17.89%,"$9,701.36",$0.00,$0.00,0.00%,"$9,701.36",$0.00,$0.00,$0.00,"$9,701.36","$9,701.36","$2,188.52",22.56%,14,0,4.26%,$771.72,7.95%,9,64.29%,5,35.71%,2,0,0.61%,$25.78,0.27%,1,0.30%,$12.89,0.13%,27,8.21%,"$1,378.13",14.21%,"$7,512.84",$886.61,$0.00,$0.00,$35.00,$0.00,$851.61,"$6,626.23",68.30%
QUANTUM,Visa,UniquePlusLLC,"1,924","1,916","1,480",77.24%,"$63,390.44",436,22.76%,"$11,726.13",$0.00,$0.00,0.00%,"$11,726.13",$0.00,$0.00,$0.00,"$11,726.13","$11,726.13","$2,247.01",19.16%,5,3,1.15%,$258.17,2.20%,4,80.00%,1,20.00%,6,1,1.38%,$303.14,2.59%,3,0.69%,$38.67,0.33%,39,8.94%,"$1,647.03",14.05%,"$9,479.12","$1,072.78",$0.00,$0.00,$105.00,$0.00,$967.78,"$8,406.34",71.69%
SIGNAPAY,Mastercard,BrightAdvantageLLC,512,468,272,58.12%,"$12,918.55",196,41.88%,"$10,951.60",$0.00,$0.00,0.00%,"$10,951.60",$0.00,$0.00,$0.00,"$10,951.60","$10,951.60","$4,229.71",38.62%,2,0,1.02%,$97.28,0.89%,1,50.00%,1,50.00%,2,0,1.02%,$111.78,1.02%,6,3.06%,$389.14,3.55%,63,32.14%,"$3,631.51",33.16%,"$6,721.89",$850.45,$0.00,$0.00,$210.00,$0.00,$640.45,"$5,871.44",53.61%
SIGNAPAY,Mastercard,DiamondSphereLLC,593,542,297,54.80%,"$14,102.69",245,45.20%,"$9,878.57",$0.00,$0.00,0.00%,"$9,878.57",$0.00,$0.00,$0.00,"$9,878.57","$9,878.57","$4,316.77",43.70%,1,0,0.41%,$12.89,0.13%,1,100.00%,0,0.00%,2,0,0.82%,$25.78,0.26%,4,1.63%,$293.46,2.97%,77,31.43%,"$3,984.64",40.34%,"$5,561.80",$741.32,$0.00,$0.00,$140.00,$0.00,$601.32,"$4,820.48",48.80%
SIGNAPAY,Mastercard,SpecifiConLLC,52,46,24,52.17%,"$2,271.26",22,47.83%,"$2,073.48",$0.00,$0.00,0.00%,"$2,073.48",$0.00,$0.00,$0.00,"$2,073.48","$2,073.48",$462.35,22.30%,0,0,0.00%,$0.00,0.00%,0,0.00%,0,0.00%,0,0,0.00%,$0.00,0.00%,1,4.55%,$98.89,4.77%,5,22.73%,$363.46,17.53%,"$1,611.13",$147.78,$0.00,$0.00,$35.00,$0.00,$112.78,"$1,463.35",70.57%
SIGNAPAY,Mastercard,UniquePlusLLC,383,353,206,58.36%,"$8,213.37",147,41.64%,"$6,424.23",$0.00,$0.00,0.00%,"$6,424.23",$0.00,$0.00,$0.00,"$6,424.23","$6,424.23","$2,588.97",40.30%,0,0,0.00%,$0.00,0.00%,0,0.00%,0,0.00%,1,0,0.68%,$12.89,0.20%,5,3.40%,$271.40,4.22%,43,29.25%,"$2,304.68",35.87%,"$3,835.26",$566.23,$0.00,$0.00,$175.00,$0.00,$391.23,"$3,269.03",50.89%
SIGNAPAY,Visa,BrightAdvantageLLC,"1,060","1,043",842,80.73%,"$38,674.19",201,19.27%,"$7,169.02",$0.00,$0.00,0.00%,"$7,169.02",$0.00,$0.00,$0.00,"$7,169.02","$7,169.02","$2,030.69",28.33%,6,0,2.99%,$228.01,3.18%,3,50.00%,3,50.00%,4,0,1.99%,$223.56,3.12%,3,1.49%,$130.73,1.82%,25,12.44%,"$1,448.39",20.20%,"$5,138.33",$671.42,$0.00,$0.00,$105.00,$0.00,$566.42,"$4,466.91",62.31%
SIGNAPAY,Visa,DiamondSphereLLC,"1,296","1,287","1,007",78.24%,"$44,272.69",280,21.76%,"$7,822.26",$0.00,$0.00,0.00%,"$7,822.26",$0.00,$0.00,$0.00,"$7,822.26","$7,822.26","$1,769.82",22.63%,8,0,2.86%,$514.82,6.58%,6,75.00%,2,25.00%,4,0,1.43%,$137.56,1.76%,1,0.36%,$12.89,0.16%,21,7.50%,"$1,104.55",14.12%,"$6,052.44",$682.36,$0.00,$0.00,$35.00,$0.00,$647.36,"$5,370.08",68.65%
SIGNAPAY,Visa,SpecifiConLLC,109,101,93,92.08%,"$8,686.27",8,7.92%,$637.97,$0.00,$0.00,0.00%,$637.97,$0.00,$0.00,$0.00,$637.97,$637.97,$711.17,111.47%,2,1,25.00%,$98.88,15.50%,0,0.00%,2,100.00%,0,0,0.00%,$0.00,0.00%,6,75.00%,$513.40,80.47%,1,12.50%,$98.89,15.50%,$-73.20,$262.07,$0.00,$0.00,$210.00,$0.00,$52.07,$-335.27,-52.55%
SIGNAPAY,Visa,UniquePlusLLC,806,796,630,79.15%,"$23,272.70",166,20.85%,"$4,787.25",$0.00,$0.00,0.00%,"$4,787.25",$0.00,$0.00,$0.00,"$4,787.25","$4,787.25","$1,233.22",25.76%,2,0,1.20%,$117.84,2.46%,2,100.00%,0,0.00%,0,0,0.00%,$0.00,0.00%,5,3.01%,$277.46,5.80%,21,12.65%,$837.92,17.50%,"$3,554.03",$572.95,$0.00,$0.00,$175.00,$0.00,$397.95,"$2,981.08",62.27%
