"<track>Tracking 2</track>",Orders,Customers,"New Customers","New Customers Rate",Offers,"Offers Per Order","Initial Cart Gross Product Revenue","Initial Cart Discounts","Initial Cart Rewards","Initial Cart Shipping","Initial Cart Tax","Initial Cart Revenue","Average Initial Cart Revenue",Upsells,"Upsell Rate","Upsells Per Order","Upsell Gross Product Revenue","Upsell Discounts","Upsell Rewards","Upsell Shipping","Upsell Tax","Upsell Revenue","Total Cart Offers","Total Cart Offers Per Order","Total Cart Gross Product Revenue","Total Cart Discounts","Total Cart Rewards","Total Cart Shipping","Total Cart Tax","Total Cart Revenue","Total Average Cart Revenue",Subscriptions,Active,"Retention Rate","First Renewals","First Renewal Rate","Average Renewal Cycle","Renewal Revenue","Average Renewal Revenue","Total Offers and Renewals","Total Revenue","Average Total Revenue","Average Total Revenue Per Customer",Adjustments,"Adjustment Rate",Refunds,"Offer Refund Rate","Refunded Revenue","Refunded Revenue Rate",Voids,"Offer Void Rate","Voided Revenue","Void Revenue Rate",Chargebacks,"Offer Chargeback Rate","Chargeback Revenue","Chargeback Revenue Rate",Alerts,"Offer Alert Rate","Alert Revenue","Alert Revenue Rate","Net Revenue","Average Net Revenue Per Customer","Cost of Revenue","Cost of Goods Sold","Ad Spend","Ad Spend Rate","Chargeback Fees","Chargeback Fees Rate","Alert Fees","Alert Fees Rate","Processing Fees","Processing Fees Rate",Profit,"Profit Margin","Profit Per Order","Profit Per Customer","Tax Collected","Gift Cards Applied",Processed
"ARB - Portable Elements Fridge Freezer",1,1,1,100.00%,1,1.00,$12.89,$0.00,$0.00,$0.00,$0.00,$12.89,$12.89,0,0.00%,0.00,$0.00,$0.00,$0.00,$0.00,$0.00,$0.00,1,1.00,$12.89,$0.00,$0.00,$0.00,$0.00,$12.89,$12.89,1,0,0.00%,0,0.00%,0.00,$0.00,$0.00,1,$12.89,$12.89,$12.89,$0.00,0.00%,0,0.00%,$0.00,0.00%,0,0.00%,$0.00,0.00%,0,0.00%,$0.00,0.00%,0,0.00%,$0.00,0.00%,$12.89,$12.89,$0.84,$0.00,$0.00,0.00%,$0.00,0.00%,$0.00,0.00%,$0.84,6.52%,$12.05,93.48%,$12.05,$12.05,$0.00,$0.00,$12.89
"ARB Portable Elements Fridge Freezer",2,2,2,100.00%,2,1.00,$25.78,$0.00,$0.00,$0.00,$0.00,$25.78,$12.89,0,0.00%,0.00,$0.00,$0.00,$0.00,$0.00,$0.00,$0.00,2,1.00,$25.78,$0.00,$0.00,$0.00,$0.00,$25.78,$12.89,2,0,0.00%,0,0.00%,0.00,$0.00,$0.00,2,$25.78,$12.89,$12.89,$0.00,0.00%,0,0.00%,$0.00,0.00%,0,0.00%,$0.00,0.00%,0,0.00%,$0.00,0.00%,0,0.00%,$0.00,0.00%,$25.78,$12.89,$1.68,$0.00,$0.00,0.00%,$0.00,0.00%,$0.00,0.00%,$1.68,6.52%,$24.10,93.48%,$12.05,$12.05,$0.00,$0.00,$25.78
"BFGoodrich All-Terrain T/A KO2 Tires",18,16,16,88.89%,18,1.00,$307.98,$0.00,$0.00,$0.00,$0.00,$307.98,$17.11,0,0.00%,0.00,$0.00,$0.00,$0.00,$0.00,$0.00,$0.00,18,1.00,$307.98,$0.00,$0.00,$0.00,$0.00,$307.98,$17.11,18,6,33.33%,3,16.67%,0.17,$296.67,$296.67,21,$604.65,$33.59,$37.79,$12.89,2.13%,0,0.00%,$0.00,0.00%,0,0.00%,$0.00,0.00%,0,0.00%,$0.00,0.00%,1,4.76%,$12.89,2.13%,$591.76,$36.99,$34.35,$0.00,$0.00,0.00%,$0.00,0.00%,$0.00,0.00%,$34.35,5.68%,$557.41,92.19%,$30.97,$34.84,$0.00,$0.00,$604.65
"Bad Boy MZ Rambler Lawn Mower",6,6,6,100.00%,6,1.00,$95.52,$0.00,$0.00,$0.00,$0.00,$95.52,$15.92,0,0.00%,0.00,$0.00,$0.00,$0.00,$0.00,$0.00,$0.00,6,1.00,$95.52,$0.00,$0.00,$0.00,$0.00,$95.52,$15.92,6,1,16.67%,2,33.33%,0.33,$117.84,$117.84,8,$213.36,$35.56,$35.56,$0.00,0.00%,0,0.00%,$0.00,0.00%,0,0.00%,$0.00,0.00%,0,0.00%,$0.00,0.00%,0,0.00%,$0.00,0.00%,$213.36,$35.56,$12.26,$0.00,$0.00,0.00%,$0.00,0.00%,$0.00,0.00%,$12.26,5.75%,$201.10,94.25%,$33.52,$33.52,$0.00,$0.00,$213.36
"Badland Off-Road Car Jack",1,1,0,0.00%,1,1.00,$47.84,$0.00,$0.00,$0.00,$0.00,$47.84,$47.84,0,0.00%,0.00,$0.00,$0.00,$0.00,$0.00,$0.00,$0.00,1,1.00,$47.84,$0.00,$0.00,$0.00,$0.00,$47.84,$47.84,1,1,100.00%,0,0.00%,0.00,$0.00,$0.00,1,$47.84,$47.84,$47.84,$0.00,0.00%,0,0.00%,$0.00,0.00%,0,0.00%,$0.00,0.00%,0,0.00%,$0.00,0.00%,0,0.00%,$0.00,0.00%,$47.84,$47.84,$2.59,$0.00,$0.00,0.00%,$0.00,0.00%,$0.00,0.00%,$2.59,5.41%,$45.25,94.59%,$45.25,$45.25,$0.00,$0.00,$47.84
"Badland ZXR 5000 Powersport Winch",5,5,5,100.00%,5,1.00,$64.45,$0.00,$0.00,$0.00,$0.00,$64.45,$12.89,0,0.00%,0.00,$0.00,$0.00,$0.00,$0.00,$0.00,$0.00,5,1.00,$64.45,$0.00,$0.00,$0.00,$0.00,$64.45,$12.89,5,1,20.00%,1,20.00%,0.20,$98.89,$98.89,6,$163.34,$32.67,$32.67,$98.89,60.54%,1,16.67%,$98.89,60.54%,0,0.00%,$0.00,0.00%,0,0.00%,$0.00,0.00%,0,0.00%,$0.00,0.00%,$64.45,$12.89,$9.34,$0.00,$0.00,0.00%,$0.00,0.00%,$0.00,0.00%,$9.34,5.72%,$55.11,33.74%,$11.02,$11.02,$0.00,$0.00,$163.34
"Bell Carbon Motorcycle Helmet",2,2,2,100.00%,2,1.00,$31.84,$0.00,$0.00,$0.00,$0.00,$31.84,$15.92,0,0.00%,0.00,$0.00,$0.00,$0.00,$0.00,$0.00,$0.00,2,1.00,$31.84,$0.00,$0.00,$0.00,$0.00,$31.84,$15.92,2,1,50.00%,1,50.00%,0.50,$98.89,$98.89,3,$130.73,$65.37,$65.37,$98.89,75.64%,0,0.00%,$0.00,0.00%,0,0.00%,$0.00,0.00%,0,0.00%,$0.00,0.00%,1,33.33%,$98.89,75.64%,$31.84,$15.92,$7.13,$0.00,$0.00,0.00%,$0.00,0.00%,$0.00,0.00%,$7.13,5.45%,$24.71,18.90%,$12.36,$12.36,$0.00,$0.00,$130.73
"Benchmade Bugout Folding Knife",3,3,0,0.00%,3,1.00,$143.52,$0.00,$0.00,$0.00,$0.00,$143.52,$47.84,0,0.00%,0.00,$0.00,$0.00,$0.00,$0.00,$0.00,$0.00,3,1.00,$143.52,$0.00,$0.00,$0.00,$0.00,$143.52,$47.84,3,3,100.00%,0,0.00%,0.00,$0.00,$0.00,3,$143.52,$47.84,$47.84,$95.68,66.67%,0,0.00%,$0.00,0.00%,1,33.33%,$47.84,33.33%,0,0.00%,$0.00,0.00%,1,33.33%,$47.84,33.33%,$47.84,$15.95,$7.77,$0.00,$0.00,0.00%,$0.00,0.00%,$0.00,0.00%,$7.77,5.41%,$40.07,27.92%,$13.36,$13.36,$0.00,$0.00,$143.52
"BigTex Car Hauler Trailer",64,64,18,28.13%,64,1.00,"$2,456.90",$0.00,$0.00,$0.00,$0.00,"$2,456.90",$38.39,0,0.00%,0.00,$0.00,$0.00,$0.00,$0.00,$0.00,$0.00,64,1.00,"$2,456.90",$0.00,$0.00,$0.00,$0.00,"$2,456.90",$38.39,64,48,75.00%,2,3.13%,0.03,$197.78,$197.78,66,"$2,654.68",$41.48,$41.48,$191.36,7.21%,3,4.55%,$95.68,3.60%,0,0.00%,$0.00,0.00%,0,0.00%,$0.00,0.00%,2,3.03%,$95.68,3.60%,"$2,463.32",$38.49,$145.78,$0.00,$0.00,0.00%,$0.00,0.00%,$0.00,0.00%,$145.78,5.49%,"$2,317.54",87.30%,$36.21,$36.21,$0.00,$0.00,"$2,654.68"
"Bose S1 Wireless Speaker",4,3,3,75.00%,4,1.00,$86.51,$0.00,$0.00,$0.00,$0.00,$86.51,$21.63,0,0.00%,0.00,$0.00,$0.00,$0.00,$0.00,$0.00,$0.00,4,1.00,$86.51,$0.00,$0.00,$0.00,$0.00,$86.51,$21.63,4,2,50.00%,1,25.00%,0.25,$98.89,$98.89,5,$185.40,$46.35,$61.80,$146.73,79.14%,1,20.00%,$98.89,53.34%,0,0.00%,$0.00,0.00%,0,0.00%,$0.00,0.00%,1,20.00%,$47.84,25.80%,$38.67,$12.89,$10.25,$0.00,$0.00,0.00%,$0.00,0.00%,$0.00,0.00%,$10.25,5.53%,$28.42,15.33%,$7.11,$9.47,$0.00,$0.00,$185.40
"Bose Wireless Speaker",11,8,8,72.73%,11,1.00,$258.76,$0.00,$0.00,$0.00,$0.00,$258.76,$23.52,0,0.00%,0.00,$0.00,$0.00,$0.00,$0.00,$0.00,$0.00,11,1.00,$258.76,$0.00,$0.00,$0.00,$0.00,$258.76,$23.52,11,6,54.55%,3,27.27%,0.27,$296.67,$296.67,14,$555.43,$50.49,$69.43,$111.78,20.12%,0,0.00%,$0.00,0.00%,0,0.00%,$0.00,0.00%,0,0.00%,$0.00,0.00%,2,14.29%,$111.78,20.12%,$443.65,$55.46,$30.53,$0.00,$0.00,0.00%,$0.00,0.00%,$0.00,0.00%,$30.53,5.50%,$413.12,74.38%,$37.56,$51.64,$0.00,$0.00,$555.43
"Camp Chef GRIDIRON 36 Grill",4,4,0,0.00%,4,1.00,$191.36,$0.00,$0.00,$0.00,$0.00,$191.36,$47.84,0,0.00%,0.00,$0.00,$0.00,$0.00,$0.00,$0.00,$0.00,4,1.00,$191.36,$0.00,$0.00,$0.00,$0.00,$191.36,$47.84,4,4,100.00%,0,0.00%,0.00,$0.00,$0.00,4,$191.36,$47.84,$47.84,$47.84,25.00%,0,0.00%,$0.00,0.00%,0,0.00%,$0.00,0.00%,0,0.00%,$0.00,0.00%,1,25.00%,$47.84,25.00%,$143.52,$35.88,$10.36,$0.00,$0.00,0.00%,$0.00,0.00%,$0.00,0.00%,$10.36,5.41%,$133.16,69.59%,$33.29,$33.29,$0.00,$0.00,$191.36
"Casio - G-Shock Mudmaster Watch",26,24,24,92.31%,26,1.00,$423.22,$0.00,$0.00,$0.00,$0.00,$423.22,$16.28,0,0.00%,0.00,$0.00,$0.00,$0.00,$0.00,$0.00,$0.00,26,1.00,$423.22,$0.00,$0.00,$0.00,$0.00,$423.22,$16.28,26,7,26.92%,4,15.38%,0.15,$395.56,$395.56,30,$818.78,$31.49,$34.12,$166.25,20.30%,3,10.00%,$153.36,18.73%,1,3.33%,$12.89,1.57%,0,0.00%,$0.00,0.00%,0,0.00%,$0.00,0.00%,$652.53,$27.19,$46.83,$0.00,$0.00,0.00%,$0.00,0.00%,$0.00,0.00%,$46.83,5.72%,$605.70,73.98%,$23.30,$25.24,$0.00,$0.00,$818.78
"Casio G-Shock GA-2100 1A1ER Black Oak Watch",1,1,1,100.00%,1,1.00,$12.89,$0.00,$0.00,$0.00,$0.00,$12.89,$12.89,0,0.00%,0.00,$0.00,$0.00,$0.00,$0.00,$0.00,$0.00,1,1.00,$12.89,$0.00,$0.00,$0.00,$0.00,$12.89,$12.89,1,0,0.00%,0,0.00%,0.00,$0.00,$0.00,1,$12.89,$12.89,$12.89,$0.00,0.00%,0,0.00%,$0.00,0.00%,0,0.00%,$0.00,0.00%,0,0.00%,$0.00,0.00%,0,0.00%,$0.00,0.00%,$12.89,$12.89,$0.84,$0.00,$0.00,0.00%,$0.00,0.00%,$0.00,0.00%,$0.84,6.52%,$12.05,93.48%,$12.05,$12.05,$0.00,$0.00,$12.89
"Casio G-Shock Mudmaster Watch",25,23,23,92.00%,25,1.00,$410.33,$0.00,$0.00,$0.00,$0.00,$410.33,$16.41,0,0.00%,0.00,$0.00,$0.00,$0.00,$0.00,$0.00,$0.00,25,1.00,$410.33,$0.00,$0.00,$0.00,$0.00,$410.33,$16.41,25,6,24.00%,4,16.00%,0.16,$395.56,$395.56,29,$805.89,$32.24,$35.04,$111.78,13.87%,0,0.00%,$0.00,0.00%,0,0.00%,$0.00,0.00%,0,0.00%,$0.00,0.00%,2,6.90%,$111.78,13.87%,$694.11,$30.18,$40.85,$0.00,$0.00,0.00%,$0.00,0.00%,$0.00,0.00%,$40.85,5.07%,$653.26,81.06%,$26.13,$28.40,$0.00,$0.00,$805.89
"Central Machinery 7 HP Plate Compactor",1,1,1,100.00%,1,1.00,$12.89,$0.00,$0.00,$0.00,$0.00,$12.89,$12.89,0,0.00%,0.00,$0.00,$0.00,$0.00,$0.00,$0.00,$0.00,1,1.00,$12.89,$0.00,$0.00,$0.00,$0.00,$12.89,$12.89,1,0,0.00%,0,0.00%,0.00,$0.00,$0.00,1,$12.89,$12.89,$12.89,$0.00,0.00%,0,0.00%,$0.00,0.00%,0,0.00%,$0.00,0.00%,0,0.00%,$0.00,0.00%,0,0.00%,$0.00,0.00%,$12.89,$12.89,$0.84,$0.00,$0.00,0.00%,$0.00,0.00%,$0.00,0.00%,$0.84,6.52%,$12.05,93.48%,$12.05,$12.05,$0.00,$0.00,$12.89
"Chevrolet Custom Bench",278,269,266,95.68%,278,1.00,"$4,020.58",$0.00,$0.00,$0.00,$0.00,"$4,020.58",$14.46,0,0.00%,0.00,$0.00,$0.00,$0.00,$0.00,$0.00,$0.00,278,1.00,"$4,020.58",$0.00,$0.00,$0.00,$0.00,"$4,020.58",$14.46,278,89,32.01%,75,26.98%,0.27,"$7,416.75","$7,416.75",353,"$11,437.33",$41.14,$42.52,"$1,019.42",8.91%,3,0.85%,$210.67,1.84%,3,0.85%,$73.62,0.64%,0,0.00%,$0.00,0.00%,17,4.82%,$735.13,6.43%,"$10,417.91",$38.73,$579.40,$0.00,$0.00,0.00%,$0.00,0.00%,$0.00,0.00%,$579.40,5.07%,"$9,838.51",86.02%,$35.39,$36.57,$0.00,$0.00,"$11,437.33"
"Cobra Limited Edition Aerojet LS Volition Driver",89,84,67,75.28%,89,1.00,"$1,923.58",$0.00,$0.00,$0.00,$0.00,"$1,923.58",$21.61,0,0.00%,0.00,$0.00,$0.00,$0.00,$0.00,$0.00,$0.00,89,1.00,"$1,923.58",$0.00,$0.00,$0.00,$0.00,"$1,923.58",$21.61,89,39,43.82%,17,19.10%,0.19,"$1,681.13","$1,681.13",106,"$3,604.71",$40.50,$42.91,$335.85,9.32%,1,0.94%,$12.89,0.36%,1,0.94%,$12.89,0.36%,0,0.00%,$0.00,0.00%,8,7.55%,$310.07,8.60%,"$3,268.86",$38.92,$195.92,$0.00,$0.00,0.00%,$0.00,0.00%,$0.00,0.00%,$195.92,5.44%,"$3,072.94",85.25%,$34.53,$36.58,$0.00,$0.00,"$3,604.71"
"Cobra Limited Edition Pista-60 Putter",153,125,124,81.05%,153,1.00,"$3,023.49",$0.00,$0.00,$0.00,$0.00,"$3,023.49",$19.76,0,0.00%,0.00,$0.00,$0.00,$0.00,$0.00,$0.00,$0.00,153,1.00,"$3,023.49",$0.00,$0.00,$0.00,$0.00,"$3,023.49",$19.76,153,69,45.10%,39,25.49%,0.25,"$3,856.71","$3,856.71",192,"$6,880.20",$44.97,$55.04,"$1,503.47",21.85%,3,1.56%,$159.62,2.32%,3,1.56%,$44.73,0.65%,1,0.52%,$12.89,0.19%,23,11.98%,"$1,286.23",18.69%,"$5,376.73",$43.01,$401.28,$0.00,$0.00,0.00%,$35.00,0.51%,$0.00,0.00%,$366.28,5.32%,"$4,975.45",72.32%,$32.52,$39.80,$0.00,$0.00,"$6,880.20"
"Coca Cola Rolling Cooler",1,1,1,100.00%,1,1.00,$12.89,$0.00,$0.00,$0.00,$0.00,$12.89,$12.89,0,0.00%,0.00,$0.00,$0.00,$0.00,$0.00,$0.00,$0.00,1,1.00,$12.89,$0.00,$0.00,$0.00,$0.00,$12.89,$12.89,1,0,0.00%,0,0.00%,0.00,$0.00,$0.00,1,$12.89,$12.89,$12.89,$0.00,0.00%,0,0.00%,$0.00,0.00%,0,0.00%,$0.00,0.00%,0,0.00%,$0.00,0.00%,0,0.00%,$0.00,0.00%,$12.89,$12.89,$0.84,$0.00,$0.00,0.00%,$0.00,0.00%,$0.00,0.00%,$0.84,6.52%,$12.05,93.48%,$12.05,$12.05,$0.00,$0.00,$12.89
"Coleman Saluspa Hot Tub",3,3,2,66.67%,3,1.00,$85.74,$0.00,$0.00,$0.00,$0.00,$85.74,$28.58,0,0.00%,0.00,$0.00,$0.00,$0.00,$0.00,$0.00,$0.00,3,1.00,$85.74,$0.00,$0.00,$0.00,$0.00,$85.74,$28.58,3,1,33.33%,0,0.00%,0.00,$0.00,$0.00,3,$85.74,$28.58,$28.58,$0.00,0.00%,0,0.00%,$0.00,0.00%,0,0.00%,$0.00,0.00%,0,0.00%,$0.00,0.00%,0,0.00%,$0.00,0.00%,$85.74,$28.58,$4.89,$0.00,$0.00,0.00%,$0.00,0.00%,$0.00,0.00%,$4.89,5.70%,$80.85,94.30%,$26.95,$26.95,$0.00,$0.00,$85.74
"Cub Cadet Lawn Tractor",1,1,1,100.00%,1,1.00,$12.89,$0.00,$0.00,$0.00,$0.00,$12.89,$12.89,0,0.00%,0.00,$0.00,$0.00,$0.00,$0.00,$0.00,$0.00,1,1.00,$12.89,$0.00,$0.00,$0.00,$0.00,$12.89,$12.89,1,0,0.00%,0,0.00%,0.00,$0.00,$0.00,1,$12.89,$12.89,$12.89,$0.00,0.00%,0,0.00%,$0.00,0.00%,0,0.00%,$0.00,0.00%,0,0.00%,$0.00,0.00%,0,0.00%,$0.00,0.00%,$12.89,$12.89,$0.84,$0.00,$0.00,0.00%,$0.00,0.00%,$0.00,0.00%,$0.84,6.52%,$12.05,93.48%,$12.05,$12.05,$0.00,$0.00,$12.89
"Cub Cadet Zero Turn Lawn Mower",37,37,36,97.30%,37,1.00,$489.05,$0.00,$0.00,$0.00,$0.00,$489.05,$13.22,0,0.00%,0.00,$0.00,$0.00,$0.00,$0.00,$0.00,$0.00,37,1.00,$489.05,$0.00,$0.00,$0.00,$0.00,$489.05,$13.22,37,11,29.73%,11,29.73%,0.30,"$1,087.79","$1,087.79",48,"$1,576.84",$42.62,$42.62,$12.89,0.82%,0,0.00%,$0.00,0.00%,0,0.00%,$0.00,0.00%,0,0.00%,$0.00,0.00%,1,2.08%,$12.89,0.82%,"$1,563.95",$42.27,$88.24,$0.00,$0.00,0.00%,$0.00,0.00%,$0.00,0.00%,$88.24,5.60%,"$1,475.71",93.59%,$39.88,$39.88,$0.00,$0.00,"$1,576.84"
"Daytona Car Jack Purple",11,9,9,81.82%,11,1.00,$211.69,$0.00,$0.00,$0.00,$0.00,$211.69,$19.24,0,0.00%,0.00,$0.00,$0.00,$0.00,$0.00,$0.00,$0.00,11,1.00,$211.69,$0.00,$0.00,$0.00,$0.00,$211.69,$19.24,11,5,45.45%,3,27.27%,0.27,$296.67,$296.67,14,$508.36,$46.21,$56.48,$0.00,0.00%,0,0.00%,$0.00,0.00%,0,0.00%,$0.00,0.00%,0,0.00%,$0.00,0.00%,0,0.00%,$0.00,0.00%,$508.36,$56.48,$28.16,$0.00,$0.00,0.00%,$0.00,0.00%,$0.00,0.00%,$28.16,5.54%,$480.20,94.46%,$43.65,$53.36,$0.00,$0.00,$508.36
"Daytona Floor Jack",1,1,1,100.00%,1,1.00,$12.89,$0.00,$0.00,$0.00,$0.00,$12.89,$12.89,0,0.00%,0.00,$0.00,$0.00,$0.00,$0.00,$0.00,$0.00,1,1.00,$12.89,$0.00,$0.00,$0.00,$0.00,$12.89,$12.89,1,0,0.00%,0,0.00%,0.00,$0.00,$0.00,1,$12.89,$12.89,$12.89,$0.00,0.00%,0,0.00%,$0.00,0.00%,0,0.00%,$0.00,0.00%,0,0.00%,$0.00,0.00%,0,0.00%,$0.00,0.00%,$12.89,$12.89,$0.84,$0.00,$0.00,0.00%,$0.00,0.00%,$0.00,0.00%,$0.84,6.52%,$12.05,93.48%,$12.05,$12.05,$0.00,$0.00,$12.89
"DeWalt Lawn Mower",32,32,31,96.88%,32,1.00,$430.66,$0.00,$0.00,$0.00,$0.00,$430.66,$13.46,0,0.00%,0.00,$0.00,$0.00,$0.00,$0.00,$0.00,$0.00,32,1.00,$430.66,$0.00,$0.00,$0.00,$0.00,$430.66,$13.46,32,9,28.13%,7,21.88%,0.22,$692.23,$692.23,39,"$1,122.89",$35.09,$35.09,$12.89,1.15%,0,0.00%,$0.00,0.00%,0,0.00%,$0.00,0.00%,0,0.00%,$0.00,0.00%,1,2.56%,$12.89,1.15%,"$1,110.00",$34.69,$63.79,$0.00,$0.00,0.00%,$0.00,0.00%,$0.00,0.00%,$63.79,5.68%,"$1,046.21",93.17%,$32.69,$32.69,$0.00,$0.00,"$1,122.89"
"Dewalt Drill Set",1,1,1,100.00%,1,1.00,$12.89,$0.00,$0.00,$0.00,$0.00,$12.89,$12.89,0,0.00%,0.00,$0.00,$0.00,$0.00,$0.00,$0.00,$0.00,1,1.00,$12.89,$0.00,$0.00,$0.00,$0.00,$12.89,$12.89,1,0,0.00%,0,0.00%,0.00,$0.00,$0.00,1,$12.89,$12.89,$12.89,$0.00,0.00%,0,0.00%,$0.00,0.00%,0,0.00%,$0.00,0.00%,0,0.00%,$0.00,0.00%,0,0.00%,$0.00,0.00%,$12.89,$12.89,$0.84,$0.00,$0.00,0.00%,$0.00,0.00%,$0.00,0.00%,$0.84,6.52%,$12.05,93.48%,$12.05,$12.05,$0.00,$0.00,$12.89
"EGO Mini Bike",253,225,221,87.35%,253,1.00,"$4,400.57",$0.00,$0.00,$0.00,$0.00,"$4,400.57",$17.39,0,0.00%,0.00,$0.00,$0.00,$0.00,$0.00,$0.00,$0.00,253,1.00,"$4,400.57",$0.00,$0.00,$0.00,$0.00,"$4,400.57",$17.39,253,78,30.83%,46,18.18%,0.18,"$4,548.94","$4,548.94",299,"$8,949.51",$35.37,$39.78,"$1,297.09",14.49%,2,0.67%,$54.47,0.61%,7,2.34%,$211.18,2.36%,0,0.00%,$0.00,0.00%,22,7.36%,"$1,031.44",11.53%,"$7,652.42",$34.01,$464.99,$0.00,$0.00,0.00%,$0.00,0.00%,$0.00,0.00%,$464.99,5.20%,"$7,187.43",80.31%,$28.41,$31.94,$0.00,$0.00,"$8,949.51"
"EGO Power Mini Bike",8,8,8,100.00%,8,1.00,$103.12,$0.00,$0.00,$0.00,$0.00,$103.12,$12.89,0,0.00%,0.00,$0.00,$0.00,$0.00,$0.00,$0.00,$0.00,8,1.00,$103.12,$0.00,$0.00,$0.00,$0.00,$103.12,$12.89,8,2,25.00%,2,25.00%,0.25,$197.78,$197.78,10,$300.90,$37.61,$37.61,$12.89,4.28%,1,10.00%,$12.89,4.28%,0,0.00%,$0.00,0.00%,0,0.00%,$0.00,0.00%,0,0.00%,$0.00,0.00%,$288.01,$36.00,$17.00,$0.00,$0.00,0.00%,$0.00,0.00%,$0.00,0.00%,$17.00,5.65%,$271.01,90.07%,$33.88,$33.88,$0.00,$0.00,$300.90
"ERROR - NO PARAMETER",1,1,1,100.00%,1,1.00,$12.89,$0.00,$0.00,$0.00,$0.00,$12.89,$12.89,0,0.00%,0.00,$0.00,$0.00,$0.00,$0.00,$0.00,$0.00,1,1.00,$12.89,$0.00,$0.00,$0.00,$0.00,$12.89,$12.89,1,1,100.00%,1,100.00%,1.00,$98.89,$98.89,2,$111.78,$111.78,$111.78,$111.78,100.00%,0,0.00%,$0.00,0.00%,0,0.00%,$0.00,0.00%,0,0.00%,$0.00,0.00%,2,100.00%,$111.78,100.00%,$0.00,$0.00,$5.98,$0.00,$0.00,0.00%,$0.00,0.00%,$0.00,0.00%,$5.98,5.35%,$-5.98,-5.35%,$-5.98,$-5.98,$0.00,$0.00,$111.78
"Evolution Tackle Fishing Bag",2,2,1,50.00%,2,1.00,$66.79,$0.00,$0.00,$0.00,$0.00,$66.79,$33.40,0,0.00%,0.00,$0.00,$0.00,$0.00,$0.00,$0.00,$0.00,2,1.00,$66.79,$0.00,$0.00,$0.00,$0.00,$66.79,$33.40,2,1,50.00%,0,0.00%,0.00,$0.00,$0.00,2,$66.79,$33.40,$33.40,$0.00,0.00%,0,0.00%,$0.00,0.00%,0,0.00%,$0.00,0.00%,0,0.00%,$0.00,0.00%,0,0.00%,$0.00,0.00%,$66.79,$33.40,$3.74,$0.00,$0.00,0.00%,$0.00,0.00%,$0.00,0.00%,$3.74,5.60%,$63.05,94.40%,$31.53,$31.53,$0.00,$0.00,$66.79
"FORD Custom Bench",1,1,1,100.00%,1,1.00,$12.89,$0.00,$0.00,$0.00,$0.00,$12.89,$12.89,0,0.00%,0.00,$0.00,$0.00,$0.00,$0.00,$0.00,$0.00,1,1.00,$12.89,$0.00,$0.00,$0.00,$0.00,$12.89,$12.89,1,0,0.00%,0,0.00%,0.00,$0.00,$0.00,1,$12.89,$12.89,$12.89,$0.00,0.00%,0,0.00%,$0.00,0.00%,0,0.00%,$0.00,0.00%,0,0.00%,$0.00,0.00%,0,0.00%,$0.00,0.00%,$12.89,$12.89,$0.84,$0.00,$0.00,0.00%,$0.00,0.00%,$0.00,0.00%,$0.84,6.52%,$12.05,93.48%,$12.05,$12.05,$0.00,$0.00,$12.89
"G-Shock GA-2100 1A1ER Black Oak Watch",3,2,2,66.67%,3,1.00,$73.62,$0.00,$0.00,$0.00,$0.00,$73.62,$24.54,0,0.00%,0.00,$0.00,$0.00,$0.00,$0.00,$0.00,$0.00,3,1.00,$73.62,$0.00,$0.00,$0.00,$0.00,$73.62,$24.54,3,2,66.67%,1,33.33%,0.33,$98.89,$98.89,4,$172.51,$57.50,$86.26,$0.00,0.00%,0,0.00%,$0.00,0.00%,0,0.00%,$0.00,0.00%,0,0.00%,$0.00,0.00%,0,0.00%,$0.00,0.00%,$172.51,$86.26,$9.41,$0.00,$0.00,0.00%,$0.00,0.00%,$0.00,0.00%,$9.41,5.45%,$163.10,94.55%,$54.37,$81.55,$0.00,$0.00,$172.51
"G-Shock Metal GM-2100B Watch",8,8,8,100.00%,8,1.00,$109.18,$0.00,$0.00,$0.00,$0.00,$109.18,$13.65,0,0.00%,0.00,$0.00,$0.00,$0.00,$0.00,$0.00,$0.00,8,1.00,$109.18,$0.00,$0.00,$0.00,$0.00,$109.18,$13.65,8,2,25.00%,2,25.00%,0.25,$197.78,$197.78,10,$306.96,$38.37,$38.37,$0.00,0.00%,0,0.00%,$0.00,0.00%,0,0.00%,$0.00,0.00%,0,0.00%,$0.00,0.00%,0,0.00%,$0.00,0.00%,$306.96,$38.37,$12.17,$0.00,$0.00,0.00%,$0.00,0.00%,$0.00,0.00%,$12.17,3.96%,$294.79,96.04%,$36.85,$36.85,$0.00,$0.00,$306.96
"Garmin Fenix 8 AMOLED 51 mm Watch",1,1,1,100.00%,1,1.00,$12.89,$0.00,$0.00,$0.00,$0.00,$12.89,$12.89,0,0.00%,0.00,$0.00,$0.00,$0.00,$0.00,$0.00,$0.00,1,1.00,$12.89,$0.00,$0.00,$0.00,$0.00,$12.89,$12.89,1,0,0.00%,0,0.00%,0.00,$0.00,$0.00,1,$12.89,$12.89,$12.89,$0.00,0.00%,0,0.00%,$0.00,0.00%,0,0.00%,$0.00,0.00%,0,0.00%,$0.00,0.00%,0,0.00%,$0.00,0.00%,$12.89,$12.89,$0.84,$0.00,$0.00,0.00%,$0.00,0.00%,$0.00,0.00%,$0.84,6.52%,$12.05,93.48%,$12.05,$12.05,$0.00,$0.00,$12.89
"Garmin Fish Finder",78,72,46,58.97%,78,1.00,"$2,131.29",$0.00,$0.00,$0.00,$0.00,"$2,131.29",$27.32,0,0.00%,0.00,$0.00,$0.00,$0.00,$0.00,$0.00,$0.00,78,1.00,"$2,131.29",$0.00,$0.00,$0.00,$0.00,"$2,131.29",$27.32,78,48,61.54%,17,21.79%,0.22,"$1,681.13","$1,681.13",95,"$3,812.42",$48.88,$52.95,$543.44,14.25%,2,2.11%,$29.63,0.78%,1,1.05%,$47.84,1.25%,0,0.00%,$0.00,0.00%,8,8.42%,$465.97,12.22%,"$3,268.98",$45.40,$199.04,$0.00,$0.00,0.00%,$0.00,0.00%,$0.00,0.00%,$199.04,5.22%,"$3,069.94",80.52%,$39.36,$42.64,$0.00,$0.00,"$3,812.42"
"Garmin Instinct 2X Solar Watch",1,1,1,100.00%,1,1.00,$12.89,$0.00,$0.00,$0.00,$0.00,$12.89,$12.89,0,0.00%,0.00,$0.00,$0.00,$0.00,$0.00,$0.00,$0.00,1,1.00,$12.89,$0.00,$0.00,$0.00,$0.00,$12.89,$12.89,1,0,0.00%,0,0.00%,0.00,$0.00,$0.00,1,$12.89,$12.89,$12.89,$0.00,0.00%,0,0.00%,$0.00,0.00%,0,0.00%,$0.00,0.00%,0,0.00%,$0.00,0.00%,0,0.00%,$0.00,0.00%,$12.89,$12.89,$0.84,$0.00,$0.00,0.00%,$0.00,0.00%,$0.00,0.00%,$0.84,6.52%,$12.05,93.48%,$12.05,$12.05,$0.00,$0.00,$12.89
"Garmin Instinct 3 Amoled Limited Edition Watch",338,328,325,96.15%,338,1.00,"$4,868.11",$0.00,$0.00,$0.00,$0.00,"$4,868.11",$14.40,0,0.00%,0.00,$0.00,$0.00,$0.00,$0.00,$0.00,$0.00,338,1.00,"$4,868.11",$0.00,$0.00,$0.00,$0.00,"$4,868.11",$14.40,338,84,24.85%,70,20.71%,0.21,"$6,941.25","$6,941.25",409,"$11,809.36",$34.94,$36.00,"$1,051.31",8.90%,2,0.49%,$22.37,0.19%,8,1.96%,$275.12,2.33%,0,0.00%,$0.00,0.00%,21,5.13%,$753.82,6.38%,"$10,758.05",$32.80,$634.78,$0.00,$0.00,0.00%,$0.00,0.00%,$0.00,0.00%,$634.78,5.38%,"$10,123.27",85.72%,$29.95,$30.86,$0.00,$0.00,"$11,809.36"
"Garmin Instinct 3 Limited Edition Watch",5,5,5,100.00%,5,1.00,$76.57,$0.00,$0.00,$0.00,$0.00,$76.57,$15.31,0,0.00%,0.00,$0.00,$0.00,$0.00,$0.00,$0.00,$0.00,5,1.00,$76.57,$0.00,$0.00,$0.00,$0.00,$76.57,$15.31,5,2,40.00%,1,20.00%,0.20,$98.89,$98.89,6,$175.46,$35.09,$35.09,$12.89,7.35%,0,0.00%,$0.00,0.00%,0,0.00%,$0.00,0.00%,0,0.00%,$0.00,0.00%,1,16.67%,$12.89,7.35%,$162.57,$32.51,$9.96,$0.00,$0.00,0.00%,$0.00,0.00%,$0.00,0.00%,$9.96,5.68%,$152.61,86.98%,$30.52,$30.52,$0.00,$0.00,$175.46
"GearWrench 18 Drawer Rolling Tool Cabinet",13,9,9,69.23%,13,1.00,$284.54,$0.00,$0.00,$0.00,$0.00,$284.54,$21.89,0,0.00%,0.00,$0.00,$0.00,$0.00,$0.00,$0.00,$0.00,13,1.00,$284.54,$0.00,$0.00,$0.00,$0.00,$284.54,$21.89,13,5,38.46%,2,15.38%,0.15,$197.78,$197.78,15,$482.32,$37.10,$53.59,$159.62,33.09%,0,0.00%,$0.00,0.00%,0,0.00%,$0.00,0.00%,0,0.00%,$0.00,0.00%,3,20.00%,$159.62,33.09%,$322.70,$35.86,$27.07,$0.00,$0.00,0.00%,$0.00,0.00%,$0.00,0.00%,$27.07,5.61%,$295.63,61.29%,$22.74,$32.85,$0.00,$0.00,$482.32
"Go-Go Sport 4-Wheel S74 Mobility Scooter",5,4,4,80.00%,5,1.00,$99.40,$0.00,$0.00,$0.00,$0.00,$99.40,$19.88,0,0.00%,0.00,$0.00,$0.00,$0.00,$0.00,$0.00,$0.00,5,1.00,$99.40,$0.00,$0.00,$0.00,$0.00,$99.40,$19.88,5,1,20.00%,0,0.00%,0.00,$0.00,$0.00,5,$99.40,$19.88,$24.85,$0.00,0.00%,0,0.00%,$0.00,0.00%,0,0.00%,$0.00,0.00%,0,0.00%,$0.00,0.00%,0,0.00%,$0.00,0.00%,$99.40,$24.85,$5.95,$0.00,$0.00,0.00%,$0.00,0.00%,$0.00,0.00%,$5.95,5.99%,$93.45,94.01%,$18.69,$23.36,$0.00,$0.00,$99.40
"Gorilla Dump Cart",69,69,69,100.00%,69,1.00,$901.53,$0.00,$0.00,$0.00,$0.00,$901.53,$13.07,0,0.00%,0.00,$0.00,$0.00,$0.00,$0.00,$0.00,$0.00,69,1.00,$901.53,$0.00,$0.00,$0.00,$0.00,$901.53,$13.07,69,22,31.88%,21,30.43%,0.30,"$2,076.69","$2,076.69",90,"$2,978.22",$43.16,$43.16,$124.67,4.19%,0,0.00%,$0.00,0.00%,0,0.00%,$0.00,0.00%,0,0.00%,$0.00,0.00%,3,3.33%,$124.67,4.19%,"$2,853.55",$41.36,$156.24,$0.00,$0.00,0.00%,$0.00,0.00%,$0.00,0.00%,$156.24,5.25%,"$2,697.31",90.57%,$39.09,$39.09,$0.00,$0.00,"$2,978.22"
"Greenworks Zero Turn Lawn Mower",2,2,2,100.00%,2,1.00,$25.78,$0.00,$0.00,$0.00,$0.00,$25.78,$12.89,0,0.00%,0.00,$0.00,$0.00,$0.00,$0.00,$0.00,$0.00,2,1.00,$25.78,$0.00,$0.00,$0.00,$0.00,$25.78,$12.89,2,0,0.00%,0,0.00%,0.00,$0.00,$0.00,2,$25.78,$12.89,$12.89,$0.00,0.00%,0,0.00%,$0.00,0.00%,0,0.00%,$0.00,0.00%,0,0.00%,$0.00,0.00%,0,0.00%,$0.00,0.00%,$25.78,$12.89,$1.68,$0.00,$0.00,0.00%,$0.00,0.00%,$0.00,0.00%,$1.68,6.52%,$24.10,93.48%,$12.05,$12.05,$0.00,$0.00,$25.78
"Harley Davidson Motorcycle Helmet",6,6,0,0.00%,6,1.00,$287.04,$0.00,$0.00,$0.00,$0.00,$287.04,$47.84,0,0.00%,0.00,$0.00,$0.00,$0.00,$0.00,$0.00,$0.00,6,1.00,$287.04,$0.00,$0.00,$0.00,$0.00,$287.04,$47.84,6,6,100.00%,0,0.00%,0.00,$0.00,$0.00,6,$287.04,$47.84,$47.84,$143.52,50.00%,0,0.00%,$0.00,0.00%,0,0.00%,$0.00,0.00%,0,0.00%,$0.00,0.00%,3,50.00%,$143.52,50.00%,$143.52,$23.92,$15.54,$0.00,$0.00,0.00%,$0.00,0.00%,$0.00,0.00%,$15.54,5.41%,$127.98,44.59%,$21.33,$21.33,$0.00,$0.00,$287.04
"Harley Davidson Motorcycle Jacket",1,1,1,100.00%,1,1.00,$12.89,$0.00,$0.00,$0.00,$0.00,$12.89,$12.89,0,0.00%,0.00,$0.00,$0.00,$0.00,$0.00,$0.00,$0.00,1,1.00,$12.89,$0.00,$0.00,$0.00,$0.00,$12.89,$12.89,1,0,0.00%,0,0.00%,0.00,$0.00,$0.00,1,$12.89,$12.89,$12.89,$0.00,0.00%,0,0.00%,$0.00,0.00%,0,0.00%,$0.00,0.00%,0,0.00%,$0.00,0.00%,0,0.00%,$0.00,0.00%,$12.89,$12.89,$0.84,$0.00,$0.00,0.00%,$0.00,0.00%,$0.00,0.00%,$0.84,6.52%,$12.05,93.48%,$12.05,$12.05,$0.00,$0.00,$12.89
"Honda CRF250F",2,2,2,100.00%,2,1.00,$25.78,$0.00,$0.00,$0.00,$0.00,$25.78,$12.89,0,0.00%,0.00,$0.00,$0.00,$0.00,$0.00,$0.00,$0.00,2,1.00,$25.78,$0.00,$0.00,$0.00,$0.00,$25.78,$12.89,2,0,0.00%,0,0.00%,0.00,$0.00,$0.00,2,$25.78,$12.89,$12.89,$0.00,0.00%,0,0.00%,$0.00,0.00%,0,0.00%,$0.00,0.00%,0,0.00%,$0.00,0.00%,0,0.00%,$0.00,0.00%,$25.78,$12.89,$1.68,$0.00,$0.00,0.00%,$0.00,0.00%,$0.00,0.00%,$1.68,6.52%,$24.10,93.48%,$12.05,$12.05,$0.00,$0.00,$25.78
"Husqvarna Zero Turn Lawnmower",3,3,1,33.33%,3,1.00,$114.63,$0.00,$0.00,$0.00,$0.00,$114.63,$38.21,0,0.00%,0.00,$0.00,$0.00,$0.00,$0.00,$0.00,$0.00,3,1.00,$114.63,$0.00,$0.00,$0.00,$0.00,$114.63,$38.21,3,2,66.67%,0,0.00%,0.00,$0.00,$0.00,3,$114.63,$38.21,$38.21,$0.00,0.00%,0,0.00%,$0.00,0.00%,0,0.00%,$0.00,0.00%,0,0.00%,$0.00,0.00%,0,0.00%,$0.00,0.00%,$114.63,$38.21,$6.33,$0.00,$0.00,0.00%,$0.00,0.00%,$0.00,0.00%,$6.33,5.52%,$108.30,94.48%,$36.10,$36.10,$0.00,$0.00,$114.63
"Husqvarna ZeroTurn Lawnmower",2,2,0,0.00%,2,1.00,$95.68,$0.00,$0.00,$0.00,$0.00,$95.68,$47.84,0,0.00%,0.00,$0.00,$0.00,$0.00,$0.00,$0.00,$0.00,2,1.00,$95.68,$0.00,$0.00,$0.00,$0.00,$95.68,$47.84,2,2,100.00%,0,0.00%,0.00,$0.00,$0.00,2,$95.68,$47.84,$47.84,$47.84,50.00%,0,0.00%,$0.00,0.00%,0,0.00%,$0.00,0.00%,0,0.00%,$0.00,0.00%,1,50.00%,$47.84,50.00%,$47.84,$23.92,$5.18,$0.00,$0.00,0.00%,$0.00,0.00%,$0.00,0.00%,$5.18,5.41%,$42.66,44.59%,$21.33,$21.33,$0.00,$0.00,$95.68
"Hustler Zero Turn Lawn Mower",3,3,3,100.00%,3,1.00,$50.79,$0.00,$0.00,$0.00,$0.00,$50.79,$16.93,0,0.00%,0.00,$0.00,$0.00,$0.00,$0.00,$0.00,$0.00,3,1.00,$50.79,$0.00,$0.00,$0.00,$0.00,$50.79,$16.93,3,1,33.33%,0,0.00%,0.00,$0.00,$0.00,3,$50.79,$16.93,$16.93,$0.00,0.00%,0,0.00%,$0.00,0.00%,0,0.00%,$0.00,0.00%,0,0.00%,$0.00,0.00%,0,0.00%,$0.00,0.00%,$50.79,$16.93,$3.14,$0.00,$0.00,0.00%,$0.00,0.00%,$0.00,0.00%,$3.14,6.18%,$47.65,93.82%,$15.88,$15.88,$0.00,$0.00,$50.79
"ICON Core Master 382 Piece Set",12,11,11,91.67%,12,1.00,$189.63,$0.00,$0.00,$0.00,$0.00,$189.63,$15.80,0,0.00%,0.00,$0.00,$0.00,$0.00,$0.00,$0.00,$0.00,12,1.00,$189.63,$0.00,$0.00,$0.00,$0.00,$189.63,$15.80,12,6,50.00%,4,33.33%,0.33,$395.56,$395.56,16,$585.19,$48.77,$53.20,$150.45,25.71%,0,0.00%,$0.00,0.00%,0,0.00%,$0.00,0.00%,1,6.25%,$12.89,2.20%,4,25.00%,$137.56,23.51%,$434.74,$39.52,$52.39,$0.00,$0.00,0.00%,$20.00,3.42%,$0.00,0.00%,$32.39,5.53%,$382.35,65.34%,$31.86,$34.76,$0.00,$0.00,$585.19
"ICON Core Master 382-Piece Tool Set",63,56,56,88.89%,63,1.00,"$1,080.96",$0.00,$0.00,$0.00,$0.00,"$1,080.96",$17.16,0,0.00%,0.00,$0.00,$0.00,$0.00,$0.00,$0.00,$0.00,63,1.00,"$1,080.96",$0.00,$0.00,$0.00,$0.00,"$1,080.96",$17.16,63,28,44.44%,20,31.75%,0.32,"$1,977.80","$1,977.80",83,"$3,058.76",$48.55,$54.62,$925.64,30.26%,2,2.41%,$133.50,4.36%,1,1.20%,$12.89,0.42%,0,0.00%,$0.00,0.00%,15,18.07%,$779.25,25.48%,"$2,133.12",$38.09,$158.93,$0.00,$0.00,0.00%,$0.00,0.00%,$0.00,0.00%,$158.93,5.20%,"$1,974.19",64.54%,$31.34,$35.25,$0.00,$0.00,"$3,058.76"
"Icon Core Master 382 Piece Set",121,110,110,90.91%,121,1.00,"$1,992.62",$0.00,$0.00,$0.00,$0.00,"$1,992.62",$16.47,0,0.00%,0.00,$0.00,$0.00,$0.00,$0.00,$0.00,$0.00,121,1.00,"$1,992.62",$0.00,$0.00,$0.00,$0.00,"$1,992.62",$16.47,121,41,33.88%,28,23.14%,0.23,"$2,768.92","$2,768.92",149,"$4,761.54",$39.35,$43.29,$667.47,14.02%,2,1.34%,$146.73,3.08%,3,2.01%,$73.62,1.55%,1,0.67%,$12.89,0.27%,7,4.70%,$434.23,9.12%,"$4,094.07",$37.22,$271.87,$0.00,$0.00,0.00%,$20.00,0.42%,$0.00,0.00%,$251.87,5.29%,"$3,822.20",80.27%,$31.59,$34.75,$0.00,$0.00,"$4,761.54"
"Icon Master Set",33,26,26,78.79%,33,1.00,$653.25,$0.00,$0.00,$0.00,$0.00,$653.25,$19.80,0,0.00%,0.00,$0.00,$0.00,$0.00,$0.00,$0.00,$0.00,33,1.00,$653.25,$0.00,$0.00,$0.00,$0.00,$653.25,$19.80,33,15,45.45%,9,27.27%,0.27,$890.01,$890.01,42,"$1,543.26",$46.77,$59.36,$143.62,9.31%,0,0.00%,$0.00,0.00%,1,2.38%,$12.89,0.84%,0,0.00%,$0.00,0.00%,3,7.14%,$130.73,8.47%,"$1,399.64",$53.83,$85.41,$0.00,$0.00,0.00%,$0.00,0.00%,$0.00,0.00%,$85.41,5.53%,"$1,314.23",85.16%,$39.83,$50.55,$0.00,$0.00,"$1,543.26"
"Intex PureSpa 6 Person Outdoor Inflatable Hot Tub",19,19,19,100.00%,19,1.00,$257.03,$0.00,$0.00,$0.00,$0.00,$257.03,$13.53,0,0.00%,0.00,$0.00,$0.00,$0.00,$0.00,$0.00,$0.00,19,1.00,$257.03,$0.00,$0.00,$0.00,$0.00,$257.03,$13.53,19,5,26.32%,2,10.53%,0.11,$197.78,$197.78,21,$454.81,$23.94,$23.94,$12.89,2.83%,0,0.00%,$0.00,0.00%,0,0.00%,$0.00,0.00%,0,0.00%,$0.00,0.00%,1,4.76%,$12.89,2.83%,$441.92,$23.26,$21.72,$0.00,$0.00,0.00%,$0.00,0.00%,$0.00,0.00%,$21.72,4.78%,$420.20,92.39%,$22.12,$22.12,$0.00,$0.00,$454.81
"Issei Base Fishing Set",2,1,1,50.00%,2,1.00,$60.73,$0.00,$0.00,$0.00,$0.00,$60.73,$30.37,0,0.00%,0.00,$0.00,$0.00,$0.00,$0.00,$0.00,$0.00,2,1.00,$60.73,$0.00,$0.00,$0.00,$0.00,$60.73,$30.37,2,2,100.00%,1,50.00%,0.50,$98.89,$98.89,3,$159.62,$79.81,$159.62,$0.00,0.00%,0,0.00%,$0.00,0.00%,0,0.00%,$0.00,0.00%,0,0.00%,$0.00,0.00%,0,0.00%,$0.00,0.00%,$159.62,$159.62,$3.43,$0.00,$0.00,0.00%,$0.00,0.00%,$0.00,0.00%,$3.43,2.15%,$156.19,97.85%,$78.10,$156.19,$0.00,$0.00,$159.62
"Jack Daniels Whisky Barrel Pub Table",2,2,0,0.00%,2,1.00,$66.79,$0.00,$0.00,$0.00,$0.00,$66.79,$33.40,0,0.00%,0.00,$0.00,$0.00,$0.00,$0.00,$0.00,$0.00,2,1.00,$66.79,$0.00,$0.00,$0.00,$0.00,$66.79,$33.40,2,2,100.00%,1,50.00%,0.50,$98.89,$98.89,3,$165.68,$82.84,$82.84,$0.00,0.00%,0,0.00%,$0.00,0.00%,0,0.00%,$0.00,0.00%,0,0.00%,$0.00,0.00%,0,0.00%,$0.00,0.00%,$165.68,$82.84,$8.88,$0.00,$0.00,0.00%,$0.00,0.00%,$0.00,0.00%,$8.88,5.36%,$156.80,94.64%,$78.40,$78.40,$0.00,$0.00,$165.68
"John Cena Farewell Spinner Championship Belt",1,1,0,0.00%,1,1.00,$47.84,$0.00,$0.00,$0.00,$0.00,$47.84,$47.84,0,0.00%,0.00,$0.00,$0.00,$0.00,$0.00,$0.00,$0.00,1,1.00,$47.84,$0.00,$0.00,$0.00,$0.00,$47.84,$47.84,1,1,100.00%,0,0.00%,0.00,$0.00,$0.00,1,$47.84,$47.84,$47.84,$0.00,0.00%,0,0.00%,$0.00,0.00%,0,0.00%,$0.00,0.00%,0,0.00%,$0.00,0.00%,0,0.00%,$0.00,0.00%,$47.84,$47.84,$2.59,$0.00,$0.00,0.00%,$0.00,0.00%,$0.00,0.00%,$2.59,5.41%,$45.25,94.59%,$45.25,$45.25,$0.00,$0.00,$47.84
"John Deere 1025R Sub-Compact Tractor with Loader and Cab",11,9,9,81.82%,11,1.00,$223.81,$0.00,$0.00,$0.00,$0.00,$223.81,$20.35,0,0.00%,0.00,$0.00,$0.00,$0.00,$0.00,$0.00,$0.00,11,1.00,$223.81,$0.00,$0.00,$0.00,$0.00,$223.81,$20.35,11,7,63.64%,5,45.45%,0.45,$494.45,$494.45,16,$718.26,$65.30,$79.81,$0.00,0.00%,0,0.00%,$0.00,0.00%,0,0.00%,$0.00,0.00%,0,0.00%,$0.00,0.00%,0,0.00%,$0.00,0.00%,$718.26,$79.81,$39.06,$0.00,$0.00,0.00%,$0.00,0.00%,$0.00,0.00%,$39.06,5.44%,$679.20,94.56%,$61.75,$75.47,$0.00,$0.00,$718.26
"John Deere Zero Turn Lawnmower",1,1,0,0.00%,1,1.00,$18.95,$0.00,$0.00,$0.00,$0.00,$18.95,$18.95,0,0.00%,0.00,$0.00,$0.00,$0.00,$0.00,$0.00,$0.00,1,1.00,$18.95,$0.00,$0.00,$0.00,$0.00,$18.95,$18.95,1,0,0.00%,0,0.00%,0.00,$0.00,$0.00,1,$18.95,$18.95,$18.95,$0.00,0.00%,0,0.00%,$0.00,0.00%,0,0.00%,$0.00,0.00%,0,0.00%,$0.00,0.00%,0,0.00%,$0.00,0.00%,$18.95,$18.95,$1.15,$0.00,$0.00,0.00%,$0.00,0.00%,$0.00,0.00%,$1.15,6.07%,$17.80,93.93%,$17.80,$17.80,$0.00,$0.00,$18.95
"Keter Signature 11x7 Garden Shed",1,1,1,100.00%,1,1.00,$12.89,$0.00,$0.00,$0.00,$0.00,$12.89,$12.89,0,0.00%,0.00,$0.00,$0.00,$0.00,$0.00,$0.00,$0.00,1,1.00,$12.89,$0.00,$0.00,$0.00,$0.00,$12.89,$12.89,1,1,100.00%,1,100.00%,1.00,$98.89,$98.89,2,$111.78,$111.78,$111.78,$0.00,0.00%,0,0.00%,$0.00,0.00%,0,0.00%,$0.00,0.00%,0,0.00%,$0.00,0.00%,0,0.00%,$0.00,0.00%,$111.78,$111.78,$5.98,$0.00,$0.00,0.00%,$0.00,0.00%,$0.00,0.00%,$5.98,5.35%,$105.80,94.65%,$105.80,$105.80,$0.00,$0.00,$111.78
"Klein Tools Mobile Work Station",8,7,7,87.50%,8,1.00,$156.25,$0.00,$0.00,$0.00,$0.00,$156.25,$19.53,0,0.00%,0.00,$0.00,$0.00,$0.00,$0.00,$0.00,$0.00,8,1.00,$156.25,$0.00,$0.00,$0.00,$0.00,$156.25,$19.53,8,4,50.00%,2,25.00%,0.25,$197.78,$197.78,10,$354.03,$44.25,$50.58,$18.95,5.35%,0,0.00%,$0.00,0.00%,1,10.00%,$18.95,5.35%,0,0.00%,$0.00,0.00%,0,0.00%,$0.00,0.00%,$335.08,$47.87,$19.68,$0.00,$0.00,0.00%,$0.00,0.00%,$0.00,0.00%,$19.68,5.56%,$315.40,89.09%,$39.43,$45.06,$0.00,$0.00,$354.03
"Kubota Z400 Lawn Mower",20,17,17,85.00%,20,1.00,$362.65,$0.00,$0.00,$0.00,$0.00,$362.65,$18.13,0,0.00%,0.00,$0.00,$0.00,$0.00,$0.00,$0.00,$0.00,20,1.00,$362.65,$0.00,$0.00,$0.00,$0.00,$362.65,$18.13,20,5,25.00%,2,10.00%,0.10,$197.78,$197.78,22,$560.43,$28.02,$32.97,$0.00,0.00%,0,0.00%,$0.00,0.00%,0,0.00%,$0.00,0.00%,0,0.00%,$0.00,0.00%,0,0.00%,$0.00,0.00%,$560.43,$32.97,$32.33,$0.00,$0.00,0.00%,$0.00,0.00%,$0.00,0.00%,$32.33,5.77%,$528.10,94.23%,$26.41,$31.06,$0.00,$0.00,$560.43
"LEGO Jack Daniel's Bottle",1,1,0,0.00%,1,1.00,$47.84,$0.00,$0.00,$0.00,$0.00,$47.84,$47.84,0,0.00%,0.00,$0.00,$0.00,$0.00,$0.00,$0.00,$0.00,1,1.00,$47.84,$0.00,$0.00,$0.00,$0.00,$47.84,$47.84,1,1,100.00%,0,0.00%,0.00,$0.00,$0.00,1,$47.84,$47.84,$47.84,$0.00,0.00%,0,0.00%,$0.00,0.00%,0,0.00%,$0.00,0.00%,0,0.00%,$0.00,0.00%,0,0.00%,$0.00,0.00%,$47.84,$47.84,$2.59,$0.00,$0.00,0.00%,$0.00,0.00%,$0.00,0.00%,$2.59,5.41%,$45.25,94.59%,$45.25,$45.25,$0.00,$0.00,$47.84
"Lectric XP Lite 2.0 Sandstorm eBike",1,1,0,0.00%,1,1.00,$47.84,$0.00,$0.00,$0.00,$0.00,$47.84,$47.84,0,0.00%,0.00,$0.00,$0.00,$0.00,$0.00,$0.00,$0.00,1,1.00,$47.84,$0.00,$0.00,$0.00,$0.00,$47.84,$47.84,1,1,100.00%,0,0.00%,0.00,$0.00,$0.00,1,$47.84,$47.84,$47.84,$0.00,0.00%,0,0.00%,$0.00,0.00%,0,0.00%,$0.00,0.00%,0,0.00%,$0.00,0.00%,0,0.00%,$0.00,0.00%,$47.84,$47.84,$2.59,$0.00,$0.00,0.00%,$0.00,0.00%,$0.00,0.00%,$2.59,5.41%,$45.25,94.59%,$45.25,$45.25,$0.00,$0.00,$47.84
"Lego Mystery Set",4,4,4,100.00%,4,1.00,$63.68,$0.00,$0.00,$0.00,$0.00,$63.68,$15.92,0,0.00%,0.00,$0.00,$0.00,$0.00,$0.00,$0.00,$0.00,4,1.00,$63.68,$0.00,$0.00,$0.00,$0.00,$63.68,$15.92,4,0,0.00%,0,0.00%,0.00,$0.00,$0.00,4,$63.68,$15.92,$15.92,$0.00,0.00%,0,0.00%,$0.00,0.00%,0,0.00%,$0.00,0.00%,0,0.00%,$0.00,0.00%,0,0.00%,$0.00,0.00%,$63.68,$15.92,$3.98,$0.00,$0.00,0.00%,$0.00,0.00%,$0.00,0.00%,$3.98,6.25%,$59.70,93.75%,$14.93,$14.93,$0.00,$0.00,$63.68
"Limited Edition Harley-Davidson Billiard Starter Kit",1,1,0,0.00%,1,1.00,$47.84,$0.00,$0.00,$0.00,$0.00,$47.84,$47.84,0,0.00%,0.00,$0.00,$0.00,$0.00,$0.00,$0.00,$0.00,1,1.00,$47.84,$0.00,$0.00,$0.00,$0.00,$47.84,$47.84,1,1,100.00%,0,0.00%,0.00,$0.00,$0.00,1,$47.84,$47.84,$47.84,$0.00,0.00%,0,0.00%,$0.00,0.00%,0,0.00%,$0.00,0.00%,0,0.00%,$0.00,0.00%,0,0.00%,$0.00,0.00%,$47.84,$47.84,$2.59,$0.00,$0.00,0.00%,$0.00,0.00%,$0.00,0.00%,$2.59,5.41%,$45.25,94.59%,$45.25,$45.25,$0.00,$0.00,$47.84
"Louis Vuitton Men Sling Bag",329,298,294,89.36%,329,1.00,"$5,518.18",$0.00,$0.00,$0.00,$0.00,"$5,518.18",$16.77,0,0.00%,0.00,$0.00,$0.00,$0.00,$0.00,$0.00,$0.00,329,1.00,"$5,518.18",$0.00,$0.00,$0.00,$0.00,"$5,518.18",$16.77,329,108,32.83%,69,20.97%,0.21,"$6,823.41","$6,823.41",398,"$12,341.59",$37.51,$41.41,"$1,210.62",9.81%,5,1.26%,$156.51,1.27%,4,1.01%,$51.56,0.42%,0,0.00%,$0.00,0.00%,22,5.53%,"$1,002.55",8.12%,"$11,130.97",$37.35,$628.37,$0.00,$0.00,0.00%,$0.00,0.00%,$0.00,0.00%,$628.37,5.09%,"$10,502.60",85.10%,$31.92,$35.24,$0.00,$0.00,"$12,341.59"
"Lounge Chair",2,2,2,100.00%,2,1.00,$25.78,$0.00,$0.00,$0.00,$0.00,$25.78,$12.89,0,0.00%,0.00,$0.00,$0.00,$0.00,$0.00,$0.00,$0.00,2,1.00,$25.78,$0.00,$0.00,$0.00,$0.00,$25.78,$12.89,2,0,0.00%,0,0.00%,0.00,$0.00,$0.00,2,$25.78,$12.89,$12.89,$12.89,50.00%,0,0.00%,$0.00,0.00%,0,0.00%,$0.00,0.00%,0,0.00%,$0.00,0.00%,1,50.00%,$12.89,50.00%,$12.89,$6.45,$1.68,$0.00,$0.00,0.00%,$0.00,0.00%,$0.00,0.00%,$1.68,6.52%,$11.21,43.48%,$5.61,$5.61,$0.00,$0.00,$25.78
"Lounge Recliner Chair",2,2,2,100.00%,2,1.00,$25.78,$0.00,$0.00,$0.00,$0.00,$25.78,$12.89,0,0.00%,0.00,$0.00,$0.00,$0.00,$0.00,$0.00,$0.00,2,1.00,$25.78,$0.00,$0.00,$0.00,$0.00,$25.78,$12.89,2,0,0.00%,0,0.00%,0.00,$0.00,$0.00,2,$25.78,$12.89,$12.89,$0.00,0.00%,0,0.00%,$0.00,0.00%,0,0.00%,$0.00,0.00%,0,0.00%,$0.00,0.00%,0,0.00%,$0.00,0.00%,$25.78,$12.89,$1.68,$0.00,$0.00,0.00%,$0.00,0.00%,$0.00,0.00%,$1.68,6.52%,$24.10,93.48%,$12.05,$12.05,$0.00,$0.00,$25.78
"Lucky Dog Kennel",8,7,7,87.50%,8,1.00,$138.07,$0.00,$0.00,$0.00,$0.00,$138.07,$17.26,0,0.00%,0.00,$0.00,$0.00,$0.00,$0.00,$0.00,$0.00,8,1.00,$138.07,$0.00,$0.00,$0.00,$0.00,$138.07,$17.26,8,2,25.00%,1,12.50%,0.13,$98.89,$98.89,9,$236.96,$29.62,$33.85,$0.00,0.00%,0,0.00%,$0.00,0.00%,0,0.00%,$0.00,0.00%,0,0.00%,$0.00,0.00%,0,0.00%,$0.00,0.00%,$236.96,$33.85,$13.61,$0.00,$0.00,0.00%,$0.00,0.00%,$0.00,0.00%,$13.61,5.74%,$223.35,94.26%,$27.92,$31.91,$0.00,$0.00,$236.96
"Luminox Navy SEAL 45 mm Watch",6,6,6,100.00%,6,1.00,$89.46,$0.00,$0.00,$0.00,$0.00,$89.46,$14.91,0,0.00%,0.00,$0.00,$0.00,$0.00,$0.00,$0.00,$0.00,6,1.00,$89.46,$0.00,$0.00,$0.00,$0.00,$89.46,$14.91,6,2,33.33%,1,16.67%,0.17,$98.89,$98.89,7,$188.35,$31.39,$31.39,$18.95,10.06%,0,0.00%,$0.00,0.00%,1,14.29%,$18.95,10.06%,0,0.00%,$0.00,0.00%,0,0.00%,$0.00,0.00%,$169.40,$28.23,$10.80,$0.00,$0.00,0.00%,$0.00,0.00%,$0.00,0.00%,$10.80,5.73%,$158.60,84.20%,$26.43,$26.43,$0.00,$0.00,$188.35
"Luminox Navy Seal Foundation Military Watch",112,111,111,99.11%,112,1.00,"$1,492.16",$0.00,$0.00,$0.00,$0.00,"$1,492.16",$13.32,0,0.00%,0.00,$0.00,$0.00,$0.00,$0.00,$0.00,$0.00,112,1.00,"$1,492.16",$0.00,$0.00,$0.00,$0.00,"$1,492.16",$13.32,112,22,19.64%,13,11.61%,0.12,"$1,285.57","$1,285.57",125,"$2,777.73",$24.80,$25.02,$208.07,7.49%,1,0.80%,$12.89,0.46%,3,2.40%,$38.67,1.39%,0,0.00%,$0.00,0.00%,5,4.00%,$156.51,5.63%,"$2,569.66",$23.15,$158.24,$0.00,$0.00,0.00%,$0.00,0.00%,$0.00,0.00%,$158.24,5.70%,"$2,411.42",86.81%,$21.53,$21.72,$0.00,$0.00,"$2,777.73"
"Mercedes-AMG F1 Rallye Edition 750 Electric Bike",956,865,790,82.64%,955,1.00,"$18,121.10",$0.00,$0.00,$0.00,$0.00,"$18,121.10",$18.96,0,0.00%,0.00,$0.00,$0.00,$0.00,$0.00,$0.00,$0.00,955,1.00,"$18,121.10",$0.00,$0.00,$0.00,$0.00,"$18,121.10",$18.96,955,331,34.62%,165,17.26%,0.17,"$16,236.91","$16,236.91","1,120","$34,358.01",$35.94,$39.72,"$3,474.82",10.11%,8,0.71%,$200.15,0.58%,8,0.71%,$138.07,0.40%,4,0.36%,$172.51,0.50%,77,6.88%,"$2,964.09",8.63%,"$30,883.19",$35.70,"$1,949.63",$0.00,$0.00,0.00%,$125.00,0.36%,$0.00,0.00%,"$1,824.63",5.31%,"$28,933.56",84.21%,$30.27,$33.45,$0.00,$0.00,"$34,358.01"
"Mercedes-AMG F1 Rallye Edition Electric Bike",22,20,19,86.36%,22,1.00,$371.66,$0.00,$0.00,$0.00,$0.00,$371.66,$16.89,0,0.00%,0.00,$0.00,$0.00,$0.00,$0.00,$0.00,$0.00,22,1.00,$371.66,$0.00,$0.00,$0.00,$0.00,$371.66,$16.89,22,8,36.36%,6,27.27%,0.27,$593.34,$593.34,28,$965.00,$43.86,$48.25,$51.56,5.34%,0,0.00%,$0.00,0.00%,2,7.14%,$25.78,2.67%,0,0.00%,$0.00,0.00%,2,7.14%,$25.78,2.67%,$913.44,$45.67,$38.33,$0.00,$0.00,0.00%,$0.00,0.00%,$0.00,0.00%,$38.33,3.97%,$875.11,90.68%,$39.78,$43.76,$0.00,$0.00,$965.00
"Mercedes-AMG MSI Laptop",18,16,16,88.89%,18,1.00,$314.04,$0.00,$0.00,$0.00,$0.00,$314.04,$17.45,0,0.00%,0.00,$0.00,$0.00,$0.00,$0.00,$0.00,$0.00,18,1.00,$314.04,$0.00,$0.00,$0.00,$0.00,$314.04,$17.45,18,6,33.33%,4,22.22%,0.22,$395.56,$395.56,22,$709.60,$39.42,$44.35,$0.00,0.00%,0,0.00%,$0.00,0.00%,0,0.00%,$0.00,0.00%,0,0.00%,$0.00,0.00%,0,0.00%,$0.00,0.00%,$709.60,$44.35,$39.80,$0.00,$0.00,0.00%,$0.00,0.00%,$0.00,0.00%,$39.80,5.61%,$669.80,94.39%,$37.21,$41.86,$0.00,$0.00,$709.60
"Milwaukee Packout Tool Backpack",11,11,3,27.27%,11,1.00,$439.57,$0.00,$0.00,$0.00,$0.00,$439.57,$39.96,0,0.00%,0.00,$0.00,$0.00,$0.00,$0.00,$0.00,$0.00,11,1.00,$439.57,$0.00,$0.00,$0.00,$0.00,$439.57,$39.96,11,8,72.73%,0,0.00%,0.00,$0.00,$0.00,11,$439.57,$39.96,$39.96,$37.90,8.62%,0,0.00%,$0.00,0.00%,0,0.00%,$0.00,0.00%,0,0.00%,$0.00,0.00%,2,18.18%,$37.90,8.62%,$401.67,$36.52,$24.17,$0.00,$0.00,0.00%,$0.00,0.00%,$0.00,0.00%,$24.17,5.50%,$377.50,85.88%,$34.32,$34.32,$0.00,$0.00,$439.57
"Mobility Scooter ATTO Sport Max",4,4,4,100.00%,4,1.00,$69.74,$0.00,$0.00,$0.00,$0.00,$69.74,$17.44,0,0.00%,0.00,$0.00,$0.00,$0.00,$0.00,$0.00,$0.00,4,1.00,$69.74,$0.00,$0.00,$0.00,$0.00,$69.74,$17.44,4,2,50.00%,2,50.00%,0.50,$197.78,$197.78,6,$267.52,$66.88,$66.88,$98.89,36.97%,0,0.00%,$0.00,0.00%,0,0.00%,$0.00,0.00%,0,0.00%,$0.00,0.00%,1,16.67%,$98.89,36.97%,$168.63,$42.16,$14.57,$0.00,$0.00,0.00%,$0.00,0.00%,$0.00,0.00%,$14.57,5.45%,$154.06,57.59%,$38.52,$38.52,$0.00,$0.00,$267.52
"Nintendo Switch 2",94,85,85,90.43%,94,1.00,"$1,550.45",$0.00,$0.00,$0.00,$0.00,"$1,550.45",$16.49,0,0.00%,0.00,$0.00,$0.00,$0.00,$0.00,$0.00,$0.00,94,1.00,"$1,550.45",$0.00,$0.00,$0.00,$0.00,"$1,550.45",$16.49,94,36,38.30%,26,27.66%,0.28,"$2,571.14","$2,571.14",120,"$4,121.59",$43.85,$48.49,$402.13,9.76%,0,0.00%,$0.00,0.00%,1,0.83%,$18.95,0.46%,0,0.00%,$0.00,0.00%,7,5.83%,$383.18,9.30%,"$3,719.46",$43.76,$209.03,$0.00,$0.00,0.00%,$0.00,0.00%,$0.00,0.00%,$209.03,5.07%,"$3,510.43",85.17%,$37.35,$41.30,$0.00,$0.00,"$4,121.59"
"Oklahoma Joe's Tahoma 900 Grill",2,2,2,100.00%,2,1.00,$31.84,$0.00,$0.00,$0.00,$0.00,$31.84,$15.92,0,0.00%,0.00,$0.00,$0.00,$0.00,$0.00,$0.00,$0.00,2,1.00,$31.84,$0.00,$0.00,$0.00,$0.00,$31.84,$15.92,2,0,0.00%,0,0.00%,0.00,$0.00,$0.00,2,$31.84,$15.92,$15.92,$0.00,0.00%,0,0.00%,$0.00,0.00%,0,0.00%,$0.00,0.00%,0,0.00%,$0.00,0.00%,0,0.00%,$0.00,0.00%,$31.84,$15.92,$1.99,$0.00,$0.00,0.00%,$0.00,0.00%,$0.00,0.00%,$1.99,6.25%,$29.85,93.75%,$14.93,$14.93,$0.00,$0.00,$31.84
"Oklahoma Joeâ€™s Tahoma 900 Grill",1,1,1,100.00%,1,1.00,$12.89,$0.00,$0.00,$0.00,$0.00,$12.89,$12.89,0,0.00%,0.00,$0.00,$0.00,$0.00,$0.00,$0.00,$0.00,1,1.00,$12.89,$0.00,$0.00,$0.00,$0.00,$12.89,$12.89,1,0,0.00%,0,0.00%,0.00,$0.00,$0.00,1,$12.89,$12.89,$12.89,$0.00,0.00%,0,0.00%,$0.00,0.00%,0,0.00%,$0.00,0.00%,0,0.00%,$0.00,0.00%,0,0.00%,$0.00,0.00%,$12.89,$12.89,$0.84,$0.00,$0.00,0.00%,$0.00,0.00%,$0.00,0.00%,$0.84,6.52%,$12.05,93.48%,$12.05,$12.05,$0.00,$0.00,$12.89
"One Stop Gardens 10 ft. x 12 ft. Greenhouse",6,6,6,100.00%,6,1.00,$77.34,$0.00,$0.00,$0.00,$0.00,$77.34,$12.89,0,0.00%,0.00,$0.00,$0.00,$0.00,$0.00,$0.00,$0.00,6,1.00,$77.34,$0.00,$0.00,$0.00,$0.00,$77.34,$12.89,6,0,0.00%,0,0.00%,0.00,$0.00,$0.00,6,$77.34,$12.89,$12.89,$0.00,0.00%,0,0.00%,$0.00,0.00%,0,0.00%,$0.00,0.00%,0,0.00%,$0.00,0.00%,0,0.00%,$0.00,0.00%,$77.34,$12.89,$5.04,$0.00,$0.00,0.00%,$0.00,0.00%,$0.00,0.00%,$5.04,6.52%,$72.30,93.48%,$12.05,$12.05,$0.00,$0.00,$77.34
"Orvis Clearwater Fly Rod Outfit",418,415,409,97.85%,418,1.00,"$5,648.60",$0.00,$0.00,$0.00,$0.00,"$5,648.60",$13.51,0,0.00%,0.00,$0.00,$0.00,$0.00,$0.00,$0.00,$0.00,418,1.00,"$5,648.60",$0.00,$0.00,$0.00,$0.00,"$5,648.60",$13.51,418,105,25.12%,81,19.38%,0.19,"$7,930.15","$7,930.15",499,"$13,578.75",$32.49,$32.72,$706.06,5.20%,7,1.40%,$265.97,1.96%,8,1.60%,$195.18,1.44%,0,0.00%,$0.00,0.00%,19,3.81%,$244.91,1.80%,"$12,872.69",$31.02,$704.84,$0.00,$0.00,0.00%,$0.00,0.00%,$0.00,0.00%,$704.84,5.19%,"$12,167.85",89.61%,$29.11,$29.32,$0.00,$0.00,"$13,578.75"
"Plano Fishing Tackle Bag - 3700",64,60,38,59.38%,64,1.00,"$1,729.01",$0.00,$0.00,$0.00,$0.00,"$1,729.01",$27.02,0,0.00%,0.00,$0.00,$0.00,$0.00,$0.00,$0.00,$0.00,64,1.00,"$1,729.01",$0.00,$0.00,$0.00,$0.00,"$1,729.01",$27.02,64,39,60.94%,14,21.88%,0.22,"$1,384.46","$1,384.46",78,"$3,113.47",$48.65,$51.89,$303.14,9.74%,0,0.00%,$0.00,0.00%,0,0.00%,$0.00,0.00%,0,0.00%,$0.00,0.00%,6,7.69%,$303.14,9.74%,"$2,810.33",$46.84,$150.46,$0.00,$0.00,0.00%,$0.00,0.00%,$0.00,0.00%,$150.46,4.83%,"$2,659.87",85.43%,$41.56,$44.33,$0.00,$0.00,"$3,113.47"
"Power Recliner Chair",11,11,11,100.00%,11,1.00,$166.03,$0.00,$0.00,$0.00,$0.00,$166.03,$15.09,0,0.00%,0.00,$0.00,$0.00,$0.00,$0.00,$0.00,$0.00,11,1.00,$166.03,$0.00,$0.00,$0.00,$0.00,$166.03,$15.09,11,6,54.55%,3,27.27%,0.27,$296.67,$296.67,14,$462.70,$42.06,$42.06,$0.00,0.00%,0,0.00%,$0.00,0.00%,0,0.00%,$0.00,0.00%,0,0.00%,$0.00,0.00%,0,0.00%,$0.00,0.00%,$462.70,$42.06,$20.76,$0.00,$0.00,0.00%,$0.00,0.00%,$0.00,0.00%,$20.76,4.49%,$441.94,95.51%,$40.18,$40.18,$0.00,$0.00,$462.70
"Professional Beer Kegerator",1,1,1,100.00%,1,1.00,$12.89,$0.00,$0.00,$0.00,$0.00,$12.89,$12.89,0,0.00%,0.00,$0.00,$0.00,$0.00,$0.00,$0.00,$0.00,1,1.00,$12.89,$0.00,$0.00,$0.00,$0.00,$12.89,$12.89,1,0,0.00%,0,0.00%,0.00,$0.00,$0.00,1,$12.89,$12.89,$12.89,$0.00,0.00%,0,0.00%,$0.00,0.00%,0,0.00%,$0.00,0.00%,0,0.00%,$0.00,0.00%,0,0.00%,$0.00,0.00%,$12.89,$12.89,$0.84,$0.00,$0.00,0.00%,$0.00,0.00%,$0.00,0.00%,$0.84,6.52%,$12.05,93.48%,$12.05,$12.05,$0.00,$0.00,$12.89
"Quinn Master Technicians Tool Set",1,1,1,100.00%,1,1.00,$12.89,$0.00,$0.00,$0.00,$0.00,$12.89,$12.89,0,0.00%,0.00,$0.00,$0.00,$0.00,$0.00,$0.00,$0.00,1,1.00,$12.89,$0.00,$0.00,$0.00,$0.00,$12.89,$12.89,1,0,0.00%,0,0.00%,0.00,$0.00,$0.00,1,$12.89,$12.89,$12.89,$0.00,0.00%,0,0.00%,$0.00,0.00%,0,0.00%,$0.00,0.00%,0,0.00%,$0.00,0.00%,0,0.00%,$0.00,0.00%,$12.89,$12.89,$0.84,$0.00,$0.00,0.00%,$0.00,0.00%,$0.00,0.00%,$0.84,6.52%,$12.05,93.48%,$12.05,$12.05,$0.00,$0.00,$12.89
"Radar Tyres Renegade RT+ Tires",1,1,1,100.00%,1,1.00,$18.95,$0.00,$0.00,$0.00,$0.00,$18.95,$18.95,0,0.00%,0.00,$0.00,$0.00,$0.00,$0.00,$0.00,$0.00,1,1.00,$18.95,$0.00,$0.00,$0.00,$0.00,$18.95,$18.95,1,0,0.00%,0,0.00%,0.00,$0.00,$0.00,1,$18.95,$18.95,$18.95,$0.00,0.00%,0,0.00%,$0.00,0.00%,0,0.00%,$0.00,0.00%,0,0.00%,$0.00,0.00%,0,0.00%,$0.00,0.00%,$18.95,$18.95,$1.15,$0.00,$0.00,0.00%,$0.00,0.00%,$0.00,0.00%,$1.15,6.07%,$17.80,93.93%,$17.80,$17.80,$0.00,$0.00,$18.95
"Rapala Fishing Tackle Bag",178,177,176,98.88%,178,1.00,"$2,403.50",$0.00,$0.00,$0.00,$0.00,"$2,403.50",$13.50,0,0.00%,0.00,$0.00,$0.00,$0.00,$0.00,$0.00,$0.00,178,1.00,"$2,403.50",$0.00,$0.00,$0.00,$0.00,"$2,403.50",$13.50,178,49,27.53%,30,16.85%,0.17,"$2,806.82","$2,806.82",208,"$5,210.32",$29.27,$29.44,$64.45,1.24%,0,0.00%,$0.00,0.00%,2,0.96%,$25.78,0.49%,0,0.00%,$0.00,0.00%,3,1.44%,$38.67,0.74%,"$5,145.87",$29.07,$275.62,$0.00,$0.00,0.00%,$0.00,0.00%,$0.00,0.00%,$275.62,5.29%,"$4,870.25",93.47%,$27.36,$27.52,$0.00,$0.00,"$5,210.32"
"Rhino Hitch",335,310,306,91.34%,333,0.99,"$5,294.79",$0.00,$0.00,$0.00,$0.00,"$5,294.79",$15.81,0,0.00%,0.00,$0.00,$0.00,$0.00,$0.00,$0.00,$0.00,333,0.99,"$5,294.79",$0.00,$0.00,$0.00,$0.00,"$5,294.79",$15.81,333,107,31.94%,75,22.39%,0.23,"$7,473.60","$7,473.60",411,"$12,768.39",$38.11,$41.19,"$1,191.59",9.33%,9,2.19%,$395.73,3.10%,6,1.46%,$77.34,0.61%,0,0.00%,$0.00,0.00%,13,3.16%,$718.52,5.63%,"$11,576.80",$37.34,$662.50,$0.00,$0.00,0.00%,$0.00,0.00%,$0.00,0.00%,$662.50,5.19%,"$10,914.30",85.48%,$32.58,$35.21,$0.00,$0.00,"$12,768.39"
"Rubbermaid Resin Outdoor Storage Shed",3,3,3,100.00%,3,1.00,$38.67,$0.00,$0.00,$0.00,$0.00,$38.67,$12.89,0,0.00%,0.00,$0.00,$0.00,$0.00,$0.00,$0.00,$0.00,3,1.00,$38.67,$0.00,$0.00,$0.00,$0.00,$38.67,$12.89,3,0,0.00%,0,0.00%,0.00,$0.00,$0.00,3,$38.67,$12.89,$12.89,$12.89,33.33%,0,0.00%,$0.00,0.00%,0,0.00%,$0.00,0.00%,0,0.00%,$0.00,0.00%,1,33.33%,$12.89,33.33%,$25.78,$8.59,$2.52,$0.00,$0.00,0.00%,$0.00,0.00%,$0.00,0.00%,$2.52,6.52%,$23.26,60.15%,$7.75,$7.75,$0.00,$0.00,$38.67
"Ryobi ZeroTurn Lawn Mower",947,884,871,91.97%,947,1.00,"$14,741.56",$0.00,$0.00,$0.00,$0.00,"$14,741.56",$15.57,0,0.00%,0.00,$0.00,$0.00,$0.00,$0.00,$0.00,$0.00,947,1.00,"$14,741.56",$0.00,$0.00,$0.00,$0.00,"$14,741.56",$15.57,947,291,30.73%,214,22.60%,0.23,"$21,181.41","$21,181.41","1,162","$35,922.97",$37.93,$40.64,"$4,178.03",11.63%,12,1.03%,$594.61,1.66%,11,0.95%,$141.79,0.39%,2,0.17%,$31.84,0.09%,64,5.51%,"$3,409.79",9.49%,"$31,744.94",$35.91,"$1,960.80",$0.00,$0.00,0.00%,$55.00,0.15%,$0.00,0.00%,"$1,905.80",5.31%,"$29,784.14",82.91%,$31.45,$33.69,$0.00,$0.00,"$35,922.97"
"Set of 4 All-Season Tires Goodyear Wrangler DuraTrac",2,2,2,100.00%,2,1.00,$25.78,$0.00,$0.00,$0.00,$0.00,$25.78,$12.89,0,0.00%,0.00,$0.00,$0.00,$0.00,$0.00,$0.00,$0.00,2,1.00,$25.78,$0.00,$0.00,$0.00,$0.00,$25.78,$12.89,2,1,50.00%,1,50.00%,0.50,$98.89,$98.89,3,$124.67,$62.34,$62.34,$0.00,0.00%,0,0.00%,$0.00,0.00%,0,0.00%,$0.00,0.00%,0,0.00%,$0.00,0.00%,0,0.00%,$0.00,0.00%,$124.67,$62.34,$6.82,$0.00,$0.00,0.00%,$0.00,0.00%,$0.00,0.00%,$6.82,5.47%,$117.85,94.53%,$58.93,$58.93,$0.00,$0.00,$124.67
"Set of 4 Goodyear Wrangler DuraTrac All-Season Tires",54,51,51,94.44%,54,1.00,$825.15,$0.00,$0.00,$0.00,$0.00,$825.15,$15.28,0,0.00%,0.00,$0.00,$0.00,$0.00,$0.00,$0.00,$0.00,54,1.00,$825.15,$0.00,$0.00,$0.00,$0.00,$825.15,$15.28,54,17,31.48%,13,24.07%,0.24,"$1,285.57","$1,285.57",67,"$2,110.72",$39.09,$41.39,$223.56,10.59%,0,0.00%,$0.00,0.00%,1,1.49%,$12.89,0.61%,0,0.00%,$0.00,0.00%,3,4.48%,$210.67,9.98%,"$1,887.16",$37.00,$108.39,$0.00,$0.00,0.00%,$0.00,0.00%,$0.00,0.00%,$108.39,5.14%,"$1,778.77",84.27%,$32.94,$34.88,$0.00,$0.00,"$2,110.72"
"Set of 4 Tires BFGoodrich All-Terrain T/A KO2",10,8,8,80.00%,10,1.00,$198.80,$0.00,$0.00,$0.00,$0.00,$198.80,$19.88,0,0.00%,0.00,$0.00,$0.00,$0.00,$0.00,$0.00,$0.00,10,1.00,$198.80,$0.00,$0.00,$0.00,$0.00,$198.80,$19.88,10,6,60.00%,4,40.00%,0.40,$395.56,$395.56,14,$594.36,$59.44,$74.30,$111.78,18.81%,0,0.00%,$0.00,0.00%,0,0.00%,$0.00,0.00%,0,0.00%,$0.00,0.00%,2,14.29%,$111.78,18.81%,$482.58,$60.32,$32.46,$0.00,$0.00,0.00%,$0.00,0.00%,$0.00,0.00%,$32.46,5.46%,$450.12,75.73%,$45.01,$56.27,$0.00,$0.00,$594.36
"Shimano Spinning Reel",51,50,48,94.12%,51,1.00,$740.82,$0.00,$0.00,$0.00,$0.00,$740.82,$14.53,0,0.00%,0.00,$0.00,$0.00,$0.00,$0.00,$0.00,$0.00,51,1.00,$740.82,$0.00,$0.00,$0.00,$0.00,$740.82,$14.53,51,15,29.41%,10,19.61%,0.20,$988.90,$988.90,61,"$1,729.72",$33.92,$34.59,$150.19,8.68%,2,3.28%,$25.78,1.49%,2,3.28%,$60.73,3.51%,0,0.00%,$0.00,0.00%,4,6.56%,$63.68,3.68%,"$1,579.53",$31.59,$93.33,$0.00,$0.00,0.00%,$0.00,0.00%,$0.00,0.00%,$93.33,5.40%,"$1,486.20",85.92%,$29.14,$29.72,$0.00,$0.00,"$1,729.72"
"Spinning Reel A-13 Krazy 3",2,2,2,100.00%,2,1.00,$25.78,$0.00,$0.00,$0.00,$0.00,$25.78,$12.89,0,0.00%,0.00,$0.00,$0.00,$0.00,$0.00,$0.00,$0.00,2,1.00,$25.78,$0.00,$0.00,$0.00,$0.00,$25.78,$12.89,2,1,50.00%,1,50.00%,0.50,$98.89,$98.89,3,$124.67,$62.34,$62.34,$0.00,0.00%,0,0.00%,$0.00,0.00%,0,0.00%,$0.00,0.00%,0,0.00%,$0.00,0.00%,0,0.00%,$0.00,0.00%,$124.67,$62.34,$6.82,$0.00,$0.00,0.00%,$0.00,0.00%,$0.00,0.00%,$6.82,5.47%,$117.85,94.53%,$58.93,$58.93,$0.00,$0.00,$124.67
"St. Croix Freshwater Spinning Rod",74,74,70,94.59%,74,1.00,"$1,058.71",$0.00,$0.00,$0.00,$0.00,"$1,058.71",$14.31,0,0.00%,0.00,$0.00,$0.00,$0.00,$0.00,$0.00,$0.00,74,1.00,"$1,058.71",$0.00,$0.00,$0.00,$0.00,"$1,058.71",$14.31,74,22,29.73%,16,21.62%,0.22,"$1,582.24","$1,582.24",90,"$2,640.95",$35.69,$35.69,$249.85,9.46%,1,1.11%,$12.89,0.49%,2,2.22%,$25.78,0.98%,0,0.00%,$0.00,0.00%,7,7.78%,$211.18,8.00%,"$2,391.10",$32.31,$144.51,$0.00,$0.00,0.00%,$0.00,0.00%,$0.00,0.00%,$144.51,5.47%,"$2,246.59",85.07%,$30.36,$30.36,$0.00,$0.00,"$2,640.95"
"Stanley x Post Malone Complete Set",1,1,1,100.00%,1,1.00,$12.89,$0.00,$0.00,$0.00,$0.00,$12.89,$12.89,0,0.00%,0.00,$0.00,$0.00,$0.00,$0.00,$0.00,$0.00,1,1.00,$12.89,$0.00,$0.00,$0.00,$0.00,$12.89,$12.89,1,0,0.00%,0,0.00%,0.00,$0.00,$0.00,1,$12.89,$12.89,$12.89,$0.00,0.00%,0,0.00%,$0.00,0.00%,0,0.00%,$0.00,0.00%,0,0.00%,$0.00,0.00%,0,0.00%,$0.00,0.00%,$12.89,$12.89,$0.84,$0.00,$0.00,0.00%,$0.00,0.00%,$0.00,0.00%,$0.84,6.52%,$12.05,93.48%,$12.05,$12.05,$0.00,$0.00,$12.89
"Stetson Cowboy Hat (Black)",455,412,326,71.65%,455,1.00,"$10,281.76",$0.00,$0.00,$0.00,$0.00,"$10,281.76",$22.60,0,0.00%,0.00,$0.00,$0.00,$0.00,$0.00,$0.00,$0.00,455,1.00,"$10,281.76",$0.00,$0.00,$0.00,$0.00,"$10,281.76",$22.60,455,216,47.47%,88,19.34%,0.20,"$8,702.32","$8,702.32",543,"$18,984.08",$41.72,$46.08,"$2,474.25",13.03%,8,1.47%,$220.37,1.16%,7,1.29%,$125.18,0.66%,2,0.37%,$66.79,0.35%,41,7.55%,"$2,061.91",10.86%,"$16,509.83",$40.07,"$1,069.76",$0.00,$0.00,0.00%,$55.00,0.29%,$0.00,0.00%,"$1,014.76",5.35%,"$15,440.07",81.33%,$33.93,$37.48,$0.00,$0.00,"$18,984.08"
"Stetson Cowboy Hat (White)",526,502,457,86.88%,526,1.00,"$9,102.77",$0.00,$0.00,$0.00,$0.00,"$9,102.77",$17.31,0,0.00%,0.00,$0.00,$0.00,$0.00,$0.00,$0.00,$0.00,526,1.00,"$9,102.77",$0.00,$0.00,$0.00,$0.00,"$9,102.77",$17.31,526,171,32.51%,98,18.63%,0.19,"$9,691.22","$9,691.22",624,"$18,793.99",$35.73,$37.44,"$2,455.99",13.07%,5,0.80%,$242.51,1.29%,6,0.96%,$77.34,0.41%,0,0.00%,$0.00,0.00%,49,7.85%,"$2,136.14",11.37%,"$16,338.00",$32.55,$985.04,$0.00,$0.00,0.00%,$0.00,0.00%,$0.00,0.00%,$985.04,5.24%,"$15,352.96",81.69%,$29.19,$30.58,$0.00,$0.00,"$18,793.99"
"Stetson Cowboy Hat Brown",1,1,0,0.00%,1,1.00,$47.84,$0.00,$0.00,$0.00,$0.00,$47.84,$47.84,0,0.00%,0.00,$0.00,$0.00,$0.00,$0.00,$0.00,$0.00,1,1.00,$47.84,$0.00,$0.00,$0.00,$0.00,$47.84,$47.84,1,1,100.00%,0,0.00%,0.00,$0.00,$0.00,1,$47.84,$47.84,$47.84,$47.84,100.00%,0,0.00%,$0.00,0.00%,0,0.00%,$0.00,0.00%,0,0.00%,$0.00,0.00%,1,100.00%,$47.84,100.00%,$0.00,$0.00,$2.59,$0.00,$0.00,0.00%,$0.00,0.00%,$0.00,0.00%,$2.59,5.41%,$-2.59,-5.41%,$-2.59,$-2.59,$0.00,$0.00,$47.84
"Stetson Skyline 6X Cowboy Hat",66,53,53,80.30%,66,1.00,"$1,329.33",$0.00,$0.00,$0.00,$0.00,"$1,329.33",$20.14,0,0.00%,0.00,$0.00,$0.00,$0.00,$0.00,$0.00,$0.00,66,1.00,"$1,329.33",$0.00,$0.00,$0.00,$0.00,"$1,329.33",$20.14,66,28,42.42%,15,22.73%,0.23,"$1,483.35","$1,483.35",81,"$2,812.68",$42.62,$53.07,$285.12,10.14%,2,2.47%,$68.39,2.43%,0,0.00%,$0.00,0.00%,0,0.00%,$0.00,0.00%,3,3.70%,$216.73,7.71%,"$2,527.56",$47.69,$151.39,$0.00,$0.00,0.00%,$0.00,0.00%,$0.00,0.00%,$151.39,5.38%,"$2,376.17",84.48%,$36.00,$44.83,$0.00,$0.00,"$2,812.68"
"Stihl GTA 26 Mini Chainsaw",2,2,2,100.00%,2,1.00,$25.78,$0.00,$0.00,$0.00,$0.00,$25.78,$12.89,0,0.00%,0.00,$0.00,$0.00,$0.00,$0.00,$0.00,$0.00,2,1.00,$25.78,$0.00,$0.00,$0.00,$0.00,$25.78,$12.89,2,0,0.00%,0,0.00%,0.00,$0.00,$0.00,2,$25.78,$12.89,$12.89,$12.89,50.00%,0,0.00%,$0.00,0.00%,1,50.00%,$12.89,50.00%,0,0.00%,$0.00,0.00%,0,0.00%,$0.00,0.00%,$12.89,$6.45,$1.68,$0.00,$0.00,0.00%,$0.00,0.00%,$0.00,0.00%,$1.68,6.52%,$11.21,43.48%,$5.61,$5.61,$0.00,$0.00,$25.78
"Stihl ZeroTurn Lawn Mower",65,64,63,96.92%,65,1.00,$897.04,$0.00,$0.00,$0.00,$0.00,$897.04,$13.80,0,0.00%,0.00,$0.00,$0.00,$0.00,$0.00,$0.00,$0.00,65,1.00,$897.04,$0.00,$0.00,$0.00,$0.00,$897.04,$13.80,65,20,30.77%,16,24.62%,0.25,"$1,582.24","$1,582.24",81,"$2,479.28",$38.14,$38.74,$124.67,5.03%,0,0.00%,$0.00,0.00%,0,0.00%,$0.00,0.00%,0,0.00%,$0.00,0.00%,3,3.70%,$124.67,5.03%,"$2,354.61",$36.79,$134.69,$0.00,$0.00,0.00%,$0.00,0.00%,$0.00,0.00%,$134.69,5.43%,"$2,219.92",89.54%,$34.15,$34.69,$0.00,$0.00,"$2,479.28"
"Sunseeker Robot Mower",2,2,2,100.00%,2,1.00,$25.78,$0.00,$0.00,$0.00,$0.00,$25.78,$12.89,0,0.00%,0.00,$0.00,$0.00,$0.00,$0.00,$0.00,$0.00,2,1.00,$25.78,$0.00,$0.00,$0.00,$0.00,$25.78,$12.89,2,1,50.00%,0,0.00%,0.00,$0.00,$0.00,2,$25.78,$12.89,$12.89,$12.89,50.00%,0,0.00%,$0.00,0.00%,0,0.00%,$0.00,0.00%,0,0.00%,$0.00,0.00%,1,50.00%,$12.89,50.00%,$12.89,$6.45,$1.68,$0.00,$0.00,0.00%,$0.00,0.00%,$0.00,0.00%,$1.68,6.52%,$11.21,43.48%,$5.61,$5.61,$0.00,$0.00,$25.78
"TaylorMade SIM2 Max Driver",4,4,3,75.00%,4,1.00,$98.63,$0.00,$0.00,$0.00,$0.00,$98.63,$24.66,0,0.00%,0.00,$0.00,$0.00,$0.00,$0.00,$0.00,$0.00,4,1.00,$98.63,$0.00,$0.00,$0.00,$0.00,$98.63,$24.66,4,2,50.00%,1,25.00%,0.25,$98.89,$98.89,5,$197.52,$49.38,$49.38,$0.00,0.00%,0,0.00%,$0.00,0.00%,0,0.00%,$0.00,0.00%,0,0.00%,$0.00,0.00%,0,0.00%,$0.00,0.00%,$197.52,$49.38,$5.73,$0.00,$0.00,0.00%,$0.00,0.00%,$0.00,0.00%,$5.73,2.90%,$191.79,97.10%,$47.95,$47.95,$0.00,$0.00,$197.52
"Tito Tailgate Bundle",1,1,0,0.00%,1,1.00,$47.84,$0.00,$0.00,$0.00,$0.00,$47.84,$47.84,0,0.00%,0.00,$0.00,$0.00,$0.00,$0.00,$0.00,$0.00,1,1.00,$47.84,$0.00,$0.00,$0.00,$0.00,$47.84,$47.84,1,1,100.00%,0,0.00%,0.00,$0.00,$0.00,1,$47.84,$47.84,$47.84,$0.00,0.00%,0,0.00%,$0.00,0.00%,0,0.00%,$0.00,0.00%,0,0.00%,$0.00,0.00%,0,0.00%,$0.00,0.00%,$47.84,$47.84,$2.59,$0.00,$0.00,0.00%,$0.00,0.00%,$0.00,0.00%,$2.59,5.41%,$45.25,94.59%,$45.25,$45.25,$0.00,$0.00,$47.84
"Tito's Black Jersey",1,1,0,0.00%,1,1.00,$47.84,$0.00,$0.00,$0.00,$0.00,$47.84,$47.84,0,0.00%,0.00,$0.00,$0.00,$0.00,$0.00,$0.00,$0.00,1,1.00,$47.84,$0.00,$0.00,$0.00,$0.00,$47.84,$47.84,1,1,100.00%,0,0.00%,0.00,$0.00,$0.00,1,$47.84,$47.84,$47.84,$0.00,0.00%,0,0.00%,$0.00,0.00%,0,0.00%,$0.00,0.00%,0,0.00%,$0.00,0.00%,0,0.00%,$0.00,0.00%,$47.84,$47.84,$2.59,$0.00,$0.00,0.00%,$0.00,0.00%,$0.00,0.00%,$2.59,5.41%,$45.25,94.59%,$45.25,$45.25,$0.00,$0.00,$47.84
"Toro Zero Turn Lawnmower",61,61,60,98.36%,61,1.00,$828.71,$0.00,$0.00,$0.00,$0.00,$828.71,$13.59,0,0.00%,0.00,$0.00,$0.00,$0.00,$0.00,$0.00,$0.00,61,1.00,$828.71,$0.00,$0.00,$0.00,$0.00,$828.71,$13.59,61,14,22.95%,10,16.39%,0.16,$908.96,$908.96,71,"$1,737.67",$28.49,$28.49,$51.56,2.97%,1,1.41%,$12.89,0.74%,0,0.00%,$0.00,0.00%,0,0.00%,$0.00,0.00%,3,4.23%,$38.67,2.23%,"$1,686.11",$27.64,$80.26,$0.00,$0.00,0.00%,$0.00,0.00%,$0.00,0.00%,$80.26,4.62%,"$1,605.85",92.41%,$26.33,$26.33,$0.00,$0.00,"$1,737.67"
"US General Purple Tool Cart",1,1,1,100.00%,1,1.00,$12.89,$0.00,$0.00,$0.00,$0.00,$12.89,$12.89,0,0.00%,0.00,$0.00,$0.00,$0.00,$0.00,$0.00,$0.00,1,1.00,$12.89,$0.00,$0.00,$0.00,$0.00,$12.89,$12.89,1,1,100.00%,1,100.00%,1.00,$98.89,$98.89,2,$111.78,$111.78,$111.78,$98.89,88.47%,0,0.00%,$0.00,0.00%,0,0.00%,$0.00,0.00%,0,0.00%,$0.00,0.00%,1,50.00%,$98.89,88.47%,$12.89,$12.89,$5.98,$0.00,$0.00,0.00%,$0.00,0.00%,$0.00,0.00%,$5.98,5.35%,$6.91,6.18%,$6.91,$6.91,$0.00,$0.00,$111.78
"Vevor Garden Dump Cart",140,137,135,96.43%,140,1.00,"$2,011.06",$0.00,$0.00,$0.00,$0.00,"$2,011.06",$14.36,0,0.00%,0.00,$0.00,$0.00,$0.00,$0.00,$0.00,$0.00,140,1.00,"$2,011.06",$0.00,$0.00,$0.00,$0.00,"$2,011.06",$14.36,140,49,35.00%,43,30.71%,0.31,"$4,252.27","$4,252.27",183,"$6,263.33",$44.74,$45.72,$743.30,11.87%,3,1.64%,$161.22,2.57%,3,1.64%,$38.67,0.62%,1,0.55%,$12.89,0.21%,14,7.65%,$530.52,8.47%,"$5,520.03",$40.29,$343.33,$0.00,$0.00,0.00%,$20.00,0.32%,$0.00,0.00%,$323.33,5.16%,"$5,176.70",82.65%,$36.98,$37.79,$0.00,$0.00,"$6,263.33"
"Wiha Heavy Duty Tool Backpack",2,2,2,100.00%,2,1.00,$25.78,$0.00,$0.00,$0.00,$0.00,$25.78,$12.89,0,0.00%,0.00,$0.00,$0.00,$0.00,$0.00,$0.00,$0.00,2,1.00,$25.78,$0.00,$0.00,$0.00,$0.00,$25.78,$12.89,2,0,0.00%,0,0.00%,0.00,$0.00,$0.00,2,$25.78,$12.89,$12.89,$0.00,0.00%,0,0.00%,$0.00,0.00%,0,0.00%,$0.00,0.00%,0,0.00%,$0.00,0.00%,0,0.00%,$0.00,0.00%,$25.78,$12.89,$1.68,$0.00,$0.00,0.00%,$0.00,0.00%,$0.00,0.00%,$1.68,6.52%,$24.10,93.48%,$12.05,$12.05,$0.00,$0.00,$25.78
"Wiha Tool Backpack",26,24,24,92.31%,26,1.00,$417.16,$0.00,$0.00,$0.00,$0.00,$417.16,$16.04,0,0.00%,0.00,$0.00,$0.00,$0.00,$0.00,$0.00,$0.00,26,1.00,$417.16,$0.00,$0.00,$0.00,$0.00,$417.16,$16.04,26,8,30.77%,6,23.08%,0.23,$593.34,$593.34,32,"$1,010.50",$38.87,$42.10,$0.00,0.00%,0,0.00%,$0.00,0.00%,0,0.00%,$0.00,0.00%,0,0.00%,$0.00,0.00%,0,0.00%,$0.00,0.00%,"$1,010.50",$42.10,$56.80,$0.00,$0.00,0.00%,$0.00,0.00%,$0.00,0.00%,$56.80,5.62%,$953.70,94.38%,$36.68,$39.74,$0.00,$0.00,"$1,010.50"
"YETI Tundra Cooler",1,1,1,100.00%,1,1.00,$12.89,$0.00,$0.00,$0.00,$0.00,$12.89,$12.89,0,0.00%,0.00,$0.00,$0.00,$0.00,$0.00,$0.00,$0.00,1,1.00,$12.89,$0.00,$0.00,$0.00,$0.00,$12.89,$12.89,1,0,0.00%,0,0.00%,0.00,$0.00,$0.00,1,$12.89,$12.89,$12.89,$0.00,0.00%,0,0.00%,$0.00,0.00%,0,0.00%,$0.00,0.00%,0,0.00%,$0.00,0.00%,0,0.00%,$0.00,0.00%,$12.89,$12.89,$0.84,$0.00,$0.00,0.00%,$0.00,0.00%,$0.00,0.00%,$0.84,6.52%,$12.05,93.48%,$12.05,$12.05,$0.00,$0.00,$12.89
"Yamaha Custom Standard Drums Set",3,3,0,0.00%,3,1.00,$143.52,$0.00,$0.00,$0.00,$0.00,$143.52,$47.84,0,0.00%,0.00,$0.00,$0.00,$0.00,$0.00,$0.00,$0.00,3,1.00,$143.52,$0.00,$0.00,$0.00,$0.00,$143.52,$47.84,3,3,100.00%,0,0.00%,0.00,$0.00,$0.00,3,$143.52,$47.84,$47.84,$0.00,0.00%,0,0.00%,$0.00,0.00%,0,0.00%,$0.00,0.00%,0,0.00%,$0.00,0.00%,0,0.00%,$0.00,0.00%,$143.52,$47.84,$7.77,$0.00,$0.00,0.00%,$0.00,0.00%,$0.00,0.00%,$7.77,5.41%,$135.75,94.59%,$45.25,$45.25,$0.00,$0.00,$143.52
"Yamaha Hybrid Drum Set",11,9,6,54.55%,11,1.00,$322.60,$0.00,$0.00,$0.00,$0.00,$322.60,$29.33,0,0.00%,0.00,$0.00,$0.00,$0.00,$0.00,$0.00,$0.00,11,1.00,$322.60,$0.00,$0.00,$0.00,$0.00,$322.60,$29.33,11,7,63.64%,2,18.18%,0.18,$197.78,$197.78,13,$520.38,$47.31,$57.82,$146.73,28.20%,1,7.69%,$98.89,19.00%,0,0.00%,$0.00,0.00%,0,0.00%,$0.00,0.00%,1,7.69%,$47.84,9.19%,$373.65,$41.52,$28.58,$0.00,$0.00,0.00%,$0.00,0.00%,$0.00,0.00%,$28.58,5.49%,$345.07,66.31%,$31.37,$38.34,$0.00,$0.00,$520.38
"Yeti Patriot Tundra Hard Cooler",1,1,1,100.00%,1,1.00,$18.95,$0.00,$0.00,$0.00,$0.00,$18.95,$18.95,0,0.00%,0.00,$0.00,$0.00,$0.00,$0.00,$0.00,$0.00,1,1.00,$18.95,$0.00,$0.00,$0.00,$0.00,$18.95,$18.95,1,0,0.00%,0,0.00%,0.00,$0.00,$0.00,1,$18.95,$18.95,$18.95,$0.00,0.00%,0,0.00%,$0.00,0.00%,0,0.00%,$0.00,0.00%,0,0.00%,$0.00,0.00%,0,0.00%,$0.00,0.00%,$18.95,$18.95,$1.15,$0.00,$0.00,0.00%,$0.00,0.00%,$0.00,0.00%,$1.15,6.07%,$17.80,93.93%,$17.80,$17.80,$0.00,$0.00,$18.95
"iPad 13 Pro 2022",10,9,9,90.00%,10,1.00,$169.91,$0.00,$0.00,$0.00,$0.00,$169.91,$16.99,0,0.00%,0.00,$0.00,$0.00,$0.00,$0.00,$0.00,$0.00,10,1.00,$169.91,$0.00,$0.00,$0.00,$0.00,$169.91,$16.99,10,2,20.00%,1,10.00%,0.10,$98.89,$98.89,11,$268.80,$26.88,$29.87,$0.00,0.00%,0,0.00%,$0.00,0.00%,0,0.00%,$0.00,0.00%,0,0.00%,$0.00,0.00%,0,0.00%,$0.00,0.00%,$268.80,$29.87,$15.60,$0.00,$0.00,0.00%,$0.00,0.00%,$0.00,0.00%,$15.60,5.80%,$253.20,94.20%,$25.32,$28.13,$0.00,$0.00,$268.80
