Item,"<track>Tracking 2</track>","Attempted Charges","Declined Charges","Declined Charge Rate","Successful Charges","Success Charge Rate","Unique Cycle Attempts","Declined Unique Cycle Attempts","Declined Unique Cycle Attempt Rate","Successful Unique Cycle Attempts","Success Unique Cycle Attempt Rate","Cycle 1 Attempts","Cycle 1 Success","Cycle 1 Revenue","Cycle 1 Decline","Cycle 1 Success Rate","Renewal Attempts","Renewal Success","Renewal Revenue","Renewal Decline","Renewal Success Rate","Successful Offers","Item Quantity","Successful Customers","Gross Product Revenue",Discounts,Rewards,"Net Product Revenue",Shipping,"Gift Cards","Total Revenue",Tax,Processed,Adjustments,"Adjustment Rate",Refunds,"Refund Rate","Refunded Revenue","Refunded Revenue Rate",Voids,"Void Rate","Voided Revenue","Void Revenue Rate",Chargebacks,"Chargeback Rate","Chargeback Revenue","Chargeback Revenue Rate",Alerts,"Alert Rate","Alert Revenue","Alert Revenue Rate","Net Revenue","Cost of Revenue","Cost of Goods Sold","Cycle 1 Cost of Goods Sold","Recurring Cost of Goods Sold","Ad Spend","Ad Spend Rate","Chargeback Fees","Chargeback Fees Rate","Alert Fees","Alert Fees Rate","Processing Fees","Processing Fees Rate",Profit,"Profit Margin"
"DP1 RP V3","Harley Davidson Evo Helmet",60,48,80.00%,12,20.00%,59,47,79.66%,12,20.34%,59,12,$227.40,47,20.34%,1,0,$0.00,1,0.00%,12,12,12,$227.40,$0.00,$0.00,$227.40,$0.00,$0.00,$227.40,$0.00,$227.40,$0.00,0.00%,0,0.00%,$0.00,0.00%,0,0.00%,$0.00,0.00%,0,0.00%,$0.00,0.00%,0,0.00%,$0.00,0.00%,$227.40,$23.40,$0.00,$0.00,$0.00,$0.00,0.00%,$0.00,0.00%,$0.00,0.00%,$23.40,10.29%,$204.00,89.71%
"DP1 RP V3","Harley Davidson Evo Helmet (black/orange)",76,67,88.16%,9,11.84%,71,62,87.32%,9,12.68%,76,9,$170.55,67,11.84%,0,0,$0.00,0,0.00%,9,9,9,$170.55,$0.00,$0.00,$170.55,$0.00,$0.00,$170.55,$0.00,$170.55,$18.95,11.11%,1,11.11%,$18.95,11.11%,0,0.00%,$0.00,0.00%,0,0.00%,$0.00,0.00%,0,0.00%,$0.00,0.00%,$151.60,$23.75,$0.00,$0.00,$0.00,$0.00,0.00%,$0.00,0.00%,$0.00,0.00%,$23.75,13.93%,$127.85,74.96%
"DP1 RP V3","Heavy Duty Hitch Mount Flagpole Kit",10,9,90.00%,1,10.00%,10,9,90.00%,1,10.00%,10,1,$18.95,9,10.00%,0,0,$0.00,0,0.00%,1,1,1,$18.95,$0.00,$0.00,$18.95,$0.00,$0.00,$18.95,$0.00,$18.95,$0.00,0.00%,0,0.00%,$0.00,0.00%,0,0.00%,$0.00,0.00%,0,0.00%,$0.00,0.00%,0,0.00%,$0.00,0.00%,$18.95,$2.95,$0.00,$0.00,$0.00,$0.00,0.00%,$0.00,0.00%,$0.00,0.00%,$2.95,15.57%,$16.00,84.43%
"DP1 RP V3","Luminox Navy Seal Foundation Military Watch",6,4,66.67%,2,33.33%,6,4,66.67%,2,33.33%,6,2,$37.90,4,33.33%,0,0,$0.00,0,0.00%,2,2,2,$37.90,$0.00,$0.00,$37.90,$0.00,$0.00,$37.90,$0.00,$37.90,$0.00,0.00%,0,0.00%,$0.00,0.00%,0,0.00%,$0.00,0.00%,0,0.00%,$0.00,0.00%,0,0.00%,$0.00,0.00%,$37.90,$3.10,$0.00,$0.00,$0.00,$0.00,0.00%,$0.00,0.00%,$0.00,0.00%,$3.10,8.18%,$34.80,91.82%
"DP1 RP V3","Miller Lite Tailgate Combo Pack",68,58,85.29%,10,14.71%,61,51,83.61%,10,16.39%,68,10,$189.50,58,14.71%,0,0,$0.00,0,0.00%,10,10,10,$189.50,$0.00,$0.00,$189.50,$0.00,$0.00,$189.50,$0.00,$189.50,$0.00,0.00%,0,0.00%,$0.00,0.00%,0,0.00%,$0.00,0.00%,0,0.00%,$0.00,0.00%,0,0.00%,$0.00,0.00%,$189.50,$23.10,$0.00,$0.00,$0.00,$0.00,0.00%,$0.00,0.00%,$0.00,0.00%,$23.10,12.19%,$166.40,87.81%
"DP1 RP V3","Rapala Fishing Tackle Bag",42,36,85.71%,6,14.29%,41,35,85.37%,6,14.63%,41,6,$113.70,35,14.63%,1,0,$0.00,1,0.00%,6,6,6,$113.70,$0.00,$0.00,$113.70,$0.00,$0.00,$113.70,$0.00,$113.70,$0.00,0.00%,0,0.00%,$0.00,0.00%,0,0.00%,$0.00,0.00%,0,0.00%,$0.00,0.00%,0,0.00%,$0.00,0.00%,$113.70,$14.10,$0.00,$0.00,$0.00,$0.00,0.00%,$0.00,0.00%,$0.00,0.00%,$14.10,12.40%,$99.60,87.60%
"DP1 RP V3","St. Croix Freshwater Spinning Rod",50,42,84.00%,8,16.00%,42,34,80.95%,8,19.05%,50,8,$151.60,42,16.00%,0,0,$0.00,0,0.00%,8,8,8,$151.60,$0.00,$0.00,$151.60,$0.00,$0.00,$151.60,$0.00,$151.60,$0.00,0.00%,0,0.00%,$0.00,0.00%,0,0.00%,$0.00,0.00%,0,0.00%,$0.00,0.00%,0,0.00%,$0.00,0.00%,$151.60,$17.60,$0.00,$0.00,$0.00,$0.00,0.00%,$0.00,0.00%,$0.00,0.00%,$17.60,11.61%,$134.00,88.39%
"DP1 V3","Callaway Ai Smoke Driver",11,7,63.64%,4,36.36%,7,3,42.86%,4,57.14%,11,4,$51.56,7,36.36%,0,0,$0.00,0,0.00%,4,4,4,$51.56,$0.00,$0.00,$51.56,$0.00,$0.00,$51.56,$0.00,$51.56,$0.00,0.00%,0,0.00%,$0.00,0.00%,0,0.00%,$0.00,0.00%,0,0.00%,$0.00,0.00%,0,0.00%,$0.00,0.00%,$51.56,$4.76,$0.00,$0.00,$0.00,$0.00,0.00%,$0.00,0.00%,$0.00,0.00%,$4.76,9.23%,$46.80,90.77%
"DP1 V3","Cobra DS-ADAPT MAX-K Driver",15,13,86.67%,2,13.33%,7,5,71.43%,2,28.57%,15,2,$25.78,13,13.33%,0,0,$0.00,0,0.00%,2,2,2,$25.78,$0.00,$0.00,$25.78,$0.00,$0.00,$25.78,$0.00,$25.78,$0.00,0.00%,0,0.00%,$0.00,0.00%,0,0.00%,$0.00,0.00%,0,0.00%,$0.00,0.00%,0,0.00%,$0.00,0.00%,$25.78,$3.44,$0.00,$0.00,$0.00,$0.00,0.00%,$0.00,0.00%,$0.00,0.00%,$3.44,13.34%,$22.34,86.66%
"DP1 V3","Coleman GoKart",11,8,72.73%,3,27.27%,5,2,40.00%,3,60.00%,11,3,$38.67,8,27.27%,0,0,$0.00,0,0.00%,3,3,3,$38.67,$0.00,$0.00,$38.67,$0.00,$0.00,$38.67,$0.00,$38.67,$0.00,0.00%,0,0.00%,$0.00,0.00%,0,0.00%,$0.00,0.00%,0,0.00%,$0.00,0.00%,0,0.00%,$0.00,0.00%,$38.67,$4.12,$0.00,$0.00,$0.00,$0.00,0.00%,$0.00,0.00%,$0.00,0.00%,$4.12,10.65%,$34.55,89.35%
"DP1 V3","Exotics E725 Driver",1,1,100.00%,0,0.00%,1,1,100.00%,0,0.00%,1,0,$0.00,1,0.00%,0,0,$0.00,0,0.00%,0,0,0,$0.00,$0.00,$0.00,$0.00,$0.00,$0.00,$0.00,$0.00,$0.00,$0.00,0.00%,0,0.00%,$0.00,0.00%,0,0.00%,$0.00,0.00%,0,0.00%,$0.00,0.00%,0,0.00%,$0.00,0.00%,$0.00,$0.20,$0.00,$0.00,$0.00,$0.00,0.00%,$0.00,0.00%,$0.00,0.00%,$0.20,0.00%,$-0.20,0.00%
"DP1 V3","FRP GMB100 Mini Bike",1,0,0.00%,1,100.00%,1,0,0.00%,1,100.00%,1,1,$12.89,0,100.00%,0,0,$0.00,0,0.00%,1,1,1,$12.89,$0.00,$0.00,$12.89,$0.00,$0.00,$12.89,$0.00,$12.89,$0.00,0.00%,0,0.00%,$0.00,0.00%,0,0.00%,$0.00,0.00%,0,0.00%,$0.00,0.00%,0,0.00%,$0.00,0.00%,$12.89,$0.84,$0.00,$0.00,$0.00,$0.00,0.00%,$0.00,0.00%,$0.00,0.00%,$0.84,6.52%,$12.05,93.48%
"DP1 V3","Garmin Instinct 3 Amoled Limited Edition Watch",13,7,53.85%,6,46.15%,10,4,40.00%,6,60.00%,13,6,$77.34,7,46.15%,0,0,$0.00,0,0.00%,6,6,6,$77.34,$0.00,$0.00,$77.34,$0.00,$0.00,$77.34,$0.00,$77.34,$0.00,0.00%,0,0.00%,$0.00,0.00%,0,0.00%,$0.00,0.00%,0,0.00%,$0.00,0.00%,0,0.00%,$0.00,0.00%,$77.34,$6.44,$0.00,$0.00,$0.00,$0.00,0.00%,$0.00,0.00%,$0.00,0.00%,$6.44,8.33%,$70.90,91.67%
"DP1 V3","Garmin Instinct 3 Limited Edition Watch",31,23,74.19%,8,25.81%,17,9,52.94%,8,47.06%,31,8,$103.12,23,25.81%,0,0,$0.00,0,0.00%,8,8,8,$103.12,$0.00,$0.00,$103.12,$0.00,$0.00,$103.12,$0.00,$103.12,$0.00,0.00%,0,0.00%,$0.00,0.00%,0,0.00%,$0.00,0.00%,0,0.00%,$0.00,0.00%,0,0.00%,$0.00,0.00%,$103.12,$11.12,$0.00,$0.00,$0.00,$0.00,0.00%,$0.00,0.00%,$0.00,0.00%,$11.12,10.78%,$92.00,89.22%
"DP1 V3","GearWrench 18 Drawer Rolling Tool Cabinet",14,9,64.29%,5,35.71%,9,4,44.44%,5,55.56%,14,5,$64.45,9,35.71%,0,0,$0.00,0,0.00%,5,5,5,$64.45,$0.00,$0.00,$64.45,$0.00,$0.00,$64.45,$0.00,$64.45,$0.00,0.00%,0,0.00%,$0.00,0.00%,0,0.00%,$0.00,0.00%,0,0.00%,$0.00,0.00%,0,0.00%,$0.00,0.00%,$64.45,$6.00,$0.00,$0.00,$0.00,$0.00,0.00%,$0.00,0.00%,$0.00,0.00%,$6.00,9.31%,$58.45,90.69%
"DP1 V3","Harley Davidson Evo Helmet",53,38,71.70%,15,28.30%,31,16,51.61%,15,48.39%,53,15,$193.35,38,28.30%,0,0,$0.00,0,0.00%,15,15,15,$193.35,$0.00,$0.00,$193.35,$0.00,$0.00,$193.35,$0.00,$193.35,$12.89,6.67%,0,0.00%,$0.00,0.00%,1,6.67%,$12.89,6.67%,0,0.00%,$0.00,0.00%,0,0.00%,$0.00,0.00%,$180.46,$20.20,$0.00,$0.00,$0.00,$0.00,0.00%,$0.00,0.00%,$0.00,0.00%,$20.20,10.45%,$160.26,82.89%
"DP1 V3","Harley Davidson Evo Helmet (black/orange)",64,52,81.25%,12,18.75%,37,25,67.57%,12,32.43%,64,12,$154.68,52,18.75%,0,0,$0.00,0,0.00%,12,12,12,$154.68,$0.00,$0.00,$154.68,$0.00,$0.00,$154.68,$0.00,$154.68,$0.00,0.00%,0,0.00%,$0.00,0.00%,0,0.00%,$0.00,0.00%,0,0.00%,$0.00,0.00%,0,0.00%,$0.00,0.00%,$154.68,$20.48,$0.00,$0.00,$0.00,$0.00,0.00%,$0.00,0.00%,$0.00,0.00%,$20.48,13.24%,$134.20,86.76%
"DP1 V3","Heavy Duty Hitch Mount Flagpole Kit",264,169,64.02%,95,35.98%,160,65,40.63%,95,59.38%,264,95,"$1,224.55",169,35.98%,0,0,$0.00,0,0.00%,95,95,95,"$1,224.55",$0.00,$0.00,"$1,224.55",$0.00,$0.00,"$1,224.55",$0.00,"$1,224.55",$12.89,1.05%,0,0.00%,$0.00,0.00%,1,1.05%,$12.89,1.05%,0,0.00%,$0.00,0.00%,0,0.00%,$0.00,0.00%,"$1,211.66",$112.56,$0.00,$0.00,$0.00,$0.00,0.00%,$0.00,0.00%,$0.00,0.00%,$112.56,9.19%,"$1,099.10",89.76%
"DP1 V3","Intex PureSpa 6 Person Outdoor Inflatable Hot Tub",19,12,63.16%,7,36.84%,15,8,53.33%,7,46.67%,19,7,$90.23,12,36.84%,0,0,$0.00,0,0.00%,7,7,7,$90.23,$0.00,$0.00,$90.23,$0.00,$0.00,$90.23,$0.00,$90.23,$0.00,0.00%,0,0.00%,$0.00,0.00%,0,0.00%,$0.00,0.00%,0,0.00%,$0.00,0.00%,0,0.00%,$0.00,0.00%,$90.23,$8.28,$0.00,$0.00,$0.00,$0.00,0.00%,$0.00,0.00%,$0.00,0.00%,$8.28,9.18%,$81.95,90.82%
"DP1 V3","Klein Tools Mobile Work Station",9,5,55.56%,4,44.44%,5,1,20.00%,4,80.00%,9,4,$51.56,5,44.44%,0,0,$0.00,0,0.00%,4,4,4,$51.56,$0.00,$0.00,$51.56,$0.00,$0.00,$51.56,$0.00,$51.56,$0.00,0.00%,0,0.00%,$0.00,0.00%,0,0.00%,$0.00,0.00%,0,0.00%,$0.00,0.00%,0,0.00%,$0.00,0.00%,$51.56,$4.36,$0.00,$0.00,$0.00,$0.00,0.00%,$0.00,0.00%,$0.00,0.00%,$4.36,8.46%,$47.20,91.54%
"DP1 V3","Lenovo Yoga Book 9 OLED",3,0,0.00%,3,100.00%,3,0,0.00%,3,100.00%,3,3,$38.67,0,100.00%,0,0,$0.00,0,0.00%,3,3,3,$38.67,$0.00,$0.00,$38.67,$0.00,$0.00,$38.67,$0.00,$38.67,$0.00,0.00%,0,0.00%,$0.00,0.00%,0,0.00%,$0.00,0.00%,0,0.00%,$0.00,0.00%,0,0.00%,$0.00,0.00%,$38.67,$2.52,$0.00,$0.00,$0.00,$0.00,0.00%,$0.00,0.00%,$0.00,0.00%,$2.52,6.52%,$36.15,93.48%
"DP1 V3","Luminox Navy Seal Foundation Military Watch",49,29,59.18%,20,40.82%,35,15,42.86%,20,57.14%,49,20,$257.80,29,40.82%,0,0,$0.00,0,0.00%,20,20,20,$257.80,$0.00,$0.00,$257.80,$0.00,$0.00,$257.80,$0.00,$257.80,$12.89,5.00%,0,0.00%,$0.00,0.00%,1,5.00%,$12.89,5.00%,0,0.00%,$0.00,0.00%,0,0.00%,$0.00,0.00%,$244.91,$22.40,$0.00,$0.00,$0.00,$0.00,0.00%,$0.00,0.00%,$0.00,0.00%,$22.40,8.69%,$222.51,86.31%
"DP1 V3","Mercedes-AMG MSI Laptop",2,2,100.00%,0,0.00%,1,1,100.00%,0,0.00%,2,0,$0.00,2,0.00%,0,0,$0.00,0,0.00%,0,0,0,$0.00,$0.00,$0.00,$0.00,$0.00,$0.00,$0.00,$0.00,$0.00,$0.00,0.00%,0,0.00%,$0.00,0.00%,0,0.00%,$0.00,0.00%,0,0.00%,$0.00,0.00%,0,0.00%,$0.00,0.00%,$0.00,$0.40,$0.00,$0.00,$0.00,$0.00,0.00%,$0.00,0.00%,$0.00,0.00%,$0.40,0.00%,$-0.40,0.00%
"DP1 V3","Miller Lite Tailgate Combo Pack",211,140,66.35%,71,33.65%,128,57,44.53%,71,55.47%,211,71,$915.19,140,33.65%,0,0,$0.00,0,0.00%,71,71,71,$915.19,$0.00,$0.00,$915.19,$0.00,$0.00,$915.19,$0.00,$915.19,$0.00,0.00%,0,0.00%,$0.00,0.00%,0,0.00%,$0.00,0.00%,0,0.00%,$0.00,0.00%,0,0.00%,$0.00,0.00%,$915.19,$87.64,$0.00,$0.00,$0.00,$0.00,0.00%,$0.00,0.00%,$0.00,0.00%,$87.64,9.58%,$827.55,90.42%
"DP1 V3","Miller Lite Tailgate Combo Pack.",21,16,76.19%,5,23.81%,12,7,58.33%,5,41.67%,21,5,$64.45,16,23.81%,0,0,$0.00,0,0.00%,5,5,5,$64.45,$0.00,$0.00,$64.45,$0.00,$0.00,$64.45,$0.00,$64.45,$0.00,0.00%,0,0.00%,$0.00,0.00%,0,0.00%,$0.00,0.00%,0,0.00%,$0.00,0.00%,0,0.00%,$0.00,0.00%,$64.45,$7.40,$0.00,$0.00,$0.00,$0.00,0.00%,$0.00,0.00%,$0.00,0.00%,$7.40,11.48%,$57.05,88.52%
"DP1 V3","One Stop Gardens 10 ft. x 12 ft. Greenhouse",17,13,76.47%,4,23.53%,7,3,42.86%,4,57.14%,17,4,$51.56,13,23.53%,0,0,$0.00,0,0.00%,4,4,4,$51.56,$0.00,$0.00,$51.56,$0.00,$0.00,$51.56,$0.00,$51.56,$0.00,0.00%,0,0.00%,$0.00,0.00%,0,0.00%,$0.00,0.00%,0,0.00%,$0.00,0.00%,0,0.00%,$0.00,0.00%,$51.56,$5.96,$0.00,$0.00,$0.00,$0.00,0.00%,$0.00,0.00%,$0.00,0.00%,$5.96,11.56%,$45.60,88.44%
"DP1 V3","Orvis Clearwater Fly Rod Outfit",18,14,77.78%,4,22.22%,9,5,55.56%,4,44.44%,18,4,$51.56,14,22.22%,0,0,$0.00,0,0.00%,4,4,4,$51.56,$0.00,$0.00,$51.56,$0.00,$0.00,$51.56,$0.00,$51.56,$12.89,25.00%,0,0.00%,$0.00,0.00%,1,25.00%,$12.89,25.00%,0,0.00%,$0.00,0.00%,0,0.00%,$0.00,0.00%,$38.67,$6.16,$0.00,$0.00,$0.00,$0.00,0.00%,$0.00,0.00%,$0.00,0.00%,$6.16,11.95%,$32.51,63.05%
"DP1 V3","Predator Generator",14,10,71.43%,4,28.57%,10,6,60.00%,4,40.00%,14,4,$51.56,10,28.57%,0,0,$0.00,0,0.00%,4,4,4,$51.56,$0.00,$0.00,$51.56,$0.00,$0.00,$51.56,$0.00,$51.56,$0.00,0.00%,0,0.00%,$0.00,0.00%,0,0.00%,$0.00,0.00%,0,0.00%,$0.00,0.00%,0,0.00%,$0.00,0.00%,$51.56,$5.36,$0.00,$0.00,$0.00,$0.00,0.00%,$0.00,0.00%,$0.00,0.00%,$5.36,10.40%,$46.20,89.60%
"DP1 V3","Rapala Fishing Tackle Bag",119,75,63.03%,44,36.97%,69,25,36.23%,44,63.77%,119,44,$567.16,75,36.97%,0,0,$0.00,0,0.00%,44,44,44,$567.16,$0.00,$0.00,$567.16,$0.00,$0.00,$567.16,$0.00,$567.16,$12.89,2.27%,0,0.00%,$0.00,0.00%,1,2.27%,$12.89,2.27%,0,0.00%,$0.00,0.00%,0,0.00%,$0.00,0.00%,$554.27,$51.96,$0.00,$0.00,$0.00,$0.00,0.00%,$0.00,0.00%,$0.00,0.00%,$51.96,9.16%,$502.31,88.57%
"DP1 V3","Rhino Hitch",59,40,67.80%,19,32.20%,41,22,53.66%,19,46.34%,59,19,$244.91,40,32.20%,0,0,$0.00,0,0.00%,19,19,19,$244.91,$0.00,$0.00,$244.91,$0.00,$0.00,$244.91,$0.00,$244.91,$0.00,0.00%,0,0.00%,$0.00,0.00%,0,0.00%,$0.00,0.00%,0,0.00%,$0.00,0.00%,0,0.00%,$0.00,0.00%,$244.91,$23.56,$0.00,$0.00,$0.00,$0.00,0.00%,$0.00,0.00%,$0.00,0.00%,$23.56,9.62%,$221.35,90.38%
"DP1 V3","St. Croix Freshwater Spinning Rod",40,29,72.50%,11,27.50%,24,13,54.17%,11,45.83%,40,11,$141.79,29,27.50%,0,0,$0.00,0,0.00%,11,11,11,$141.79,$0.00,$0.00,$141.79,$0.00,$0.00,$141.79,$0.00,$141.79,$0.00,0.00%,0,0.00%,$0.00,0.00%,0,0.00%,$0.00,0.00%,0,0.00%,$0.00,0.00%,0,0.00%,$0.00,0.00%,$141.79,$15.04,$0.00,$0.00,$0.00,$0.00,0.00%,$0.00,0.00%,$0.00,0.00%,$15.04,10.61%,$126.75,89.39%
"DP1 V3","Stetson Cowboy Hat (White)",44,31,70.45%,13,29.55%,26,13,50.00%,13,50.00%,44,13,$167.57,31,29.55%,0,0,$0.00,0,0.00%,13,13,13,$167.57,$0.00,$0.00,$167.57,$0.00,$0.00,$167.57,$0.00,$167.57,$0.00,0.00%,0,0.00%,$0.00,0.00%,0,0.00%,$0.00,0.00%,0,0.00%,$0.00,0.00%,0,0.00%,$0.00,0.00%,$167.57,$17.12,$0.00,$0.00,$0.00,$0.00,0.00%,$0.00,0.00%,$0.00,0.00%,$17.12,10.22%,$150.45,89.78%
"DP1 V3(PP)","Callaway Ai Smoke Driver",1,1,100.00%,0,0.00%,1,1,100.00%,0,0.00%,1,0,$0.00,1,0.00%,0,0,$0.00,0,0.00%,0,0,0,$0.00,$0.00,$0.00,$0.00,$0.00,$0.00,$0.00,$0.00,$0.00,$0.00,0.00%,0,0.00%,$0.00,0.00%,0,0.00%,$0.00,0.00%,0,0.00%,$0.00,0.00%,0,0.00%,$0.00,0.00%,$0.00,$0.20,$0.00,$0.00,$0.00,$0.00,0.00%,$0.00,0.00%,$0.00,0.00%,$0.20,0.00%,$-0.20,0.00%
"DP1 V3(PP)","Coleman GoKart",1,1,100.00%,0,0.00%,1,1,100.00%,0,0.00%,1,0,$0.00,1,0.00%,0,0,$0.00,0,0.00%,0,0,0,$0.00,$0.00,$0.00,$0.00,$0.00,$0.00,$0.00,$0.00,$0.00,$0.00,0.00%,0,0.00%,$0.00,0.00%,0,0.00%,$0.00,0.00%,0,0.00%,$0.00,0.00%,0,0.00%,$0.00,0.00%,$0.00,$0.20,$0.00,$0.00,$0.00,$0.00,0.00%,$0.00,0.00%,$0.00,0.00%,$0.20,0.00%,$-0.20,0.00%
"DP1 V3(PP)","FRP GMB100 Mini Bike",1,1,100.00%,0,0.00%,1,1,100.00%,0,0.00%,1,0,$0.00,1,0.00%,0,0,$0.00,0,0.00%,0,0,0,$0.00,$0.00,$0.00,$0.00,$0.00,$0.00,$0.00,$0.00,$0.00,$0.00,0.00%,0,0.00%,$0.00,0.00%,0,0.00%,$0.00,0.00%,0,0.00%,$0.00,0.00%,0,0.00%,$0.00,0.00%,$0.00,$0.20,$0.00,$0.00,$0.00,$0.00,0.00%,$0.00,0.00%,$0.00,0.00%,$0.20,0.00%,$-0.20,0.00%
"DP1 V3(PP)","Harley Davidson Evo Helmet",4,4,100.00%,0,0.00%,4,4,100.00%,0,0.00%,4,0,$0.00,4,0.00%,0,0,$0.00,0,0.00%,0,0,0,$0.00,$0.00,$0.00,$0.00,$0.00,$0.00,$0.00,$0.00,$0.00,$0.00,0.00%,0,0.00%,$0.00,0.00%,0,0.00%,$0.00,0.00%,0,0.00%,$0.00,0.00%,0,0.00%,$0.00,0.00%,$0.00,$0.80,$0.00,$0.00,$0.00,$0.00,0.00%,$0.00,0.00%,$0.00,0.00%,$0.80,0.00%,$-0.80,0.00%
"DP1 V3(PP)","Harley Davidson Evo Helmet (black/orange)",4,4,100.00%,0,0.00%,4,4,100.00%,0,0.00%,4,0,$0.00,4,0.00%,0,0,$0.00,0,0.00%,0,0,0,$0.00,$0.00,$0.00,$0.00,$0.00,$0.00,$0.00,$0.00,$0.00,$0.00,0.00%,0,0.00%,$0.00,0.00%,0,0.00%,$0.00,0.00%,0,0.00%,$0.00,0.00%,0,0.00%,$0.00,0.00%,$0.00,$0.80,$0.00,$0.00,$0.00,$0.00,0.00%,$0.00,0.00%,$0.00,0.00%,$0.80,0.00%,$-0.80,0.00%
"DP1 V3(PP)","Harley Davidson Motorcycle Jacket",1,1,100.00%,0,0.00%,1,1,100.00%,0,0.00%,1,0,$0.00,1,0.00%,0,0,$0.00,0,0.00%,0,0,0,$0.00,$0.00,$0.00,$0.00,$0.00,$0.00,$0.00,$0.00,$0.00,$0.00,0.00%,0,0.00%,$0.00,0.00%,0,0.00%,$0.00,0.00%,0,0.00%,$0.00,0.00%,0,0.00%,$0.00,0.00%,$0.00,$0.20,$0.00,$0.00,$0.00,$0.00,0.00%,$0.00,0.00%,$0.00,0.00%,$0.20,0.00%,$-0.20,0.00%
"DP1 V3(PP)","Heavy Duty Hitch Mount Flagpole Kit",11,10,90.91%,1,9.09%,11,10,90.91%,1,9.09%,11,1,$12.89,10,9.09%,0,0,$0.00,0,0.00%,1,1,1,$12.89,$0.00,$0.00,$12.89,$0.00,$0.00,$12.89,$0.00,$12.89,$0.00,0.00%,0,0.00%,$0.00,0.00%,0,0.00%,$0.00,0.00%,0,0.00%,$0.00,0.00%,0,0.00%,$0.00,0.00%,$12.89,$2.84,$0.00,$0.00,$0.00,$0.00,0.00%,$0.00,0.00%,$0.00,0.00%,$2.84,22.03%,$10.05,77.97%
"DP1 V3(PP)","Intex PureSpa 6 Person Outdoor Inflatable Hot Tub",4,3,75.00%,1,25.00%,4,3,75.00%,1,25.00%,4,1,$12.89,3,25.00%,0,0,$0.00,0,0.00%,1,1,1,$12.89,$0.00,$0.00,$12.89,$0.00,$0.00,$12.89,$0.00,$12.89,$0.00,0.00%,0,0.00%,$0.00,0.00%,0,0.00%,$0.00,0.00%,0,0.00%,$0.00,0.00%,0,0.00%,$0.00,0.00%,$12.89,$1.44,$0.00,$0.00,$0.00,$0.00,0.00%,$0.00,0.00%,$0.00,0.00%,$1.44,11.17%,$11.45,88.83%
"DP1 V3(PP)","Luminox Navy Seal Foundation Military Watch",9,7,77.78%,2,22.22%,9,7,77.78%,2,22.22%,9,2,$25.78,7,22.22%,0,0,$0.00,0,0.00%,2,2,2,$25.78,$0.00,$0.00,$25.78,$0.00,$0.00,$25.78,$0.00,$25.78,$0.00,0.00%,0,0.00%,$0.00,0.00%,0,0.00%,$0.00,0.00%,0,0.00%,$0.00,0.00%,0,0.00%,$0.00,0.00%,$25.78,$3.08,$0.00,$0.00,$0.00,$0.00,0.00%,$0.00,0.00%,$0.00,0.00%,$3.08,11.95%,$22.70,88.05%
"DP1 V3(PP)","Mercedes-AMG MSI Laptop",1,1,100.00%,0,0.00%,1,1,100.00%,0,0.00%,1,0,$0.00,1,0.00%,0,0,$0.00,0,0.00%,0,0,0,$0.00,$0.00,$0.00,$0.00,$0.00,$0.00,$0.00,$0.00,$0.00,$0.00,0.00%,0,0.00%,$0.00,0.00%,0,0.00%,$0.00,0.00%,0,0.00%,$0.00,0.00%,0,0.00%,$0.00,0.00%,$0.00,$0.20,$0.00,$0.00,$0.00,$0.00,0.00%,$0.00,0.00%,$0.00,0.00%,$0.20,0.00%,$-0.20,0.00%
"DP1 V3(PP)","Miller Lite Tailgate Combo Pack",13,10,76.92%,3,23.08%,13,10,76.92%,3,23.08%,13,3,$38.67,10,23.08%,0,0,$0.00,0,0.00%,3,3,3,$38.67,$0.00,$0.00,$38.67,$0.00,$0.00,$38.67,$0.00,$38.67,$0.00,0.00%,0,0.00%,$0.00,0.00%,0,0.00%,$0.00,0.00%,0,0.00%,$0.00,0.00%,0,0.00%,$0.00,0.00%,$38.67,$4.52,$0.00,$0.00,$0.00,$0.00,0.00%,$0.00,0.00%,$0.00,0.00%,$4.52,11.69%,$34.15,88.31%
"DP1 V3(PP)","One Stop Gardens 10 ft. x 12 ft. Greenhouse",1,0,0.00%,1,100.00%,1,0,0.00%,1,100.00%,1,1,$12.89,0,100.00%,0,0,$0.00,0,0.00%,1,1,1,$12.89,$0.00,$0.00,$12.89,$0.00,$0.00,$12.89,$0.00,$12.89,$0.00,0.00%,0,0.00%,$0.00,0.00%,0,0.00%,$0.00,0.00%,0,0.00%,$0.00,0.00%,0,0.00%,$0.00,0.00%,$12.89,$0.84,$0.00,$0.00,$0.00,$0.00,0.00%,$0.00,0.00%,$0.00,0.00%,$0.84,6.52%,$12.05,93.48%
"DP1 V3(PP)","Orvis Clearwater Fly Rod Outfit",1,1,100.00%,0,0.00%,1,1,100.00%,0,0.00%,1,0,$0.00,1,0.00%,0,0,$0.00,0,0.00%,0,0,0,$0.00,$0.00,$0.00,$0.00,$0.00,$0.00,$0.00,$0.00,$0.00,$0.00,0.00%,0,0.00%,$0.00,0.00%,0,0.00%,$0.00,0.00%,0,0.00%,$0.00,0.00%,0,0.00%,$0.00,0.00%,$0.00,$0.20,$0.00,$0.00,$0.00,$0.00,0.00%,$0.00,0.00%,$0.00,0.00%,$0.20,0.00%,$-0.20,0.00%
"DP1 V3(PP)","Predator Generator",1,1,100.00%,0,0.00%,1,1,100.00%,0,0.00%,1,0,$0.00,1,0.00%,0,0,$0.00,0,0.00%,0,0,0,$0.00,$0.00,$0.00,$0.00,$0.00,$0.00,$0.00,$0.00,$0.00,$0.00,0.00%,0,0.00%,$0.00,0.00%,0,0.00%,$0.00,0.00%,0,0.00%,$0.00,0.00%,0,0.00%,$0.00,0.00%,$0.00,$0.20,$0.00,$0.00,$0.00,$0.00,0.00%,$0.00,0.00%,$0.00,0.00%,$0.20,0.00%,$-0.20,0.00%
"DP1 V3(PP)","Rapala Fishing Tackle Bag",9,8,88.89%,1,11.11%,9,8,88.89%,1,11.11%,9,1,$12.89,8,11.11%,0,0,$0.00,0,0.00%,1,1,1,$12.89,$0.00,$0.00,$12.89,$0.00,$0.00,$12.89,$0.00,$12.89,$0.00,0.00%,0,0.00%,$0.00,0.00%,0,0.00%,$0.00,0.00%,0,0.00%,$0.00,0.00%,0,0.00%,$0.00,0.00%,$12.89,$2.44,$0.00,$0.00,$0.00,$0.00,0.00%,$0.00,0.00%,$0.00,0.00%,$2.44,18.93%,$10.45,81.07%
"DP1 V3(PP)","Rhino Hitch",4,4,100.00%,0,0.00%,4,4,100.00%,0,0.00%,4,0,$0.00,4,0.00%,0,0,$0.00,0,0.00%,0,0,0,$0.00,$0.00,$0.00,$0.00,$0.00,$0.00,$0.00,$0.00,$0.00,$0.00,0.00%,0,0.00%,$0.00,0.00%,0,0.00%,$0.00,0.00%,0,0.00%,$0.00,0.00%,0,0.00%,$0.00,0.00%,$0.00,$0.80,$0.00,$0.00,$0.00,$0.00,0.00%,$0.00,0.00%,$0.00,0.00%,$0.80,0.00%,$-0.80,0.00%
"DP1 V3(PP)","St. Croix Freshwater Spinning Rod",2,2,100.00%,0,0.00%,2,2,100.00%,0,0.00%,2,0,$0.00,2,0.00%,0,0,$0.00,0,0.00%,0,0,0,$0.00,$0.00,$0.00,$0.00,$0.00,$0.00,$0.00,$0.00,$0.00,$0.00,0.00%,0,0.00%,$0.00,0.00%,0,0.00%,$0.00,0.00%,0,0.00%,$0.00,0.00%,0,0.00%,$0.00,0.00%,$0.00,$0.40,$0.00,$0.00,$0.00,$0.00,0.00%,$0.00,0.00%,$0.00,0.00%,$0.40,0.00%,$-0.40,0.00%
"DP1 V3(PP)","Stetson Cowboy Hat (White)",4,3,75.00%,1,25.00%,4,3,75.00%,1,25.00%,4,1,$12.89,3,25.00%,0,0,$0.00,0,0.00%,1,1,1,$12.89,$0.00,$0.00,$12.89,$0.00,$0.00,$12.89,$0.00,$12.89,$0.00,0.00%,0,0.00%,$0.00,0.00%,0,0.00%,$0.00,0.00%,0,0.00%,$0.00,0.00%,0,0.00%,$0.00,0.00%,$12.89,$1.44,$0.00,$0.00,$0.00,$0.00,0.00%,$0.00,0.00%,$0.00,0.00%,$1.44,11.17%,$11.45,88.83%
"DP12 RP V3","Bad Boy MZ Rambler Lawn Mower",6,6,100.00%,0,0.00%,3,3,100.00%,0,0.00%,0,0,$0.00,0,0.00%,6,0,$0.00,6,0.00%,0,0,0,$0.00,$0.00,$0.00,$0.00,$0.00,$0.00,$0.00,$0.00,$0.00,$0.00,0.00%,0,0.00%,$0.00,0.00%,0,0.00%,$0.00,0.00%,0,0.00%,$0.00,0.00%,0,0.00%,$0.00,0.00%,$0.00,$0.60,$0.00,$0.00,$0.00,$0.00,0.00%,$0.00,0.00%,$0.00,0.00%,$0.60,0.00%,$-0.60,0.00%
"DP12 RP V3","BigTex Car Hauler Trailer",1,1,100.00%,0,0.00%,1,1,100.00%,0,0.00%,0,0,$0.00,0,0.00%,1,0,$0.00,1,0.00%,0,0,0,$0.00,$0.00,$0.00,$0.00,$0.00,$0.00,$0.00,$0.00,$0.00,$0.00,0.00%,0,0.00%,$0.00,0.00%,0,0.00%,$0.00,0.00%,0,0.00%,$0.00,0.00%,0,0.00%,$0.00,0.00%,$0.00,$0.00,$0.00,$0.00,$0.00,$0.00,0.00%,$0.00,0.00%,$0.00,0.00%,$0.00,0.00%,$0.00,0.00%
"DP12 RP V3","Chevrolet Custom Bench",15,12,80.00%,3,20.00%,9,6,66.67%,3,33.33%,0,0,$0.00,0,0.00%,15,3,$296.67,12,20.00%,3,3,3,$296.67,$0.00,$0.00,$296.67,$0.00,$0.00,$296.67,$0.00,$296.67,$0.00,0.00%,0,0.00%,$0.00,0.00%,0,0.00%,$0.00,0.00%,0,0.00%,$0.00,0.00%,0,0.00%,$0.00,0.00%,$296.67,$6.54,$0.00,$0.00,$0.00,$0.00,0.00%,$0.00,0.00%,$0.00,0.00%,$6.54,2.20%,$290.13,97.80%
"DP12 RP V3","Cobra Limited Edition Aerojet LS Volition Driver",2,2,100.00%,0,0.00%,1,1,100.00%,0,0.00%,0,0,$0.00,0,0.00%,2,0,$0.00,2,0.00%,0,0,0,$0.00,$0.00,$0.00,$0.00,$0.00,$0.00,$0.00,$0.00,$0.00,$0.00,0.00%,0,0.00%,$0.00,0.00%,0,0.00%,$0.00,0.00%,0,0.00%,$0.00,0.00%,0,0.00%,$0.00,0.00%,$0.00,$0.20,$0.00,$0.00,$0.00,$0.00,0.00%,$0.00,0.00%,$0.00,0.00%,$0.20,0.00%,$-0.20,0.00%
"DP12 RP V3","Cub Cadet Zero Turn Lawn Mower",2,2,100.00%,0,0.00%,1,1,100.00%,0,0.00%,0,0,$0.00,0,0.00%,2,0,$0.00,2,0.00%,0,0,0,$0.00,$0.00,$0.00,$0.00,$0.00,$0.00,$0.00,$0.00,$0.00,$0.00,0.00%,0,0.00%,$0.00,0.00%,0,0.00%,$0.00,0.00%,0,0.00%,$0.00,0.00%,0,0.00%,$0.00,0.00%,$0.00,$0.20,$0.00,$0.00,$0.00,$0.00,0.00%,$0.00,0.00%,$0.00,0.00%,$0.20,0.00%,$-0.20,0.00%
"DP12 RP V3","Garmin Instinct 3 Amoled Limited Edition Watch",19,17,89.47%,2,10.53%,12,10,83.33%,2,16.67%,0,0,$0.00,0,0.00%,19,2,$197.78,17,10.53%,2,2,2,$197.78,$0.00,$0.00,$197.78,$0.00,$0.00,$197.78,$0.00,$197.78,$98.89,50.00%,0,0.00%,$0.00,0.00%,1,50.00%,$98.89,50.00%,0,0.00%,$0.00,0.00%,0,0.00%,$0.00,0.00%,$98.89,$12.08,$0.00,$0.00,$0.00,$0.00,0.00%,$0.00,0.00%,$0.00,0.00%,$12.08,6.11%,$86.81,43.89%
"DP12 RP V3","Gorilla Dump Cart",3,3,100.00%,0,0.00%,2,2,100.00%,0,0.00%,0,0,$0.00,0,0.00%,3,0,$0.00,3,0.00%,0,0,0,$0.00,$0.00,$0.00,$0.00,$0.00,$0.00,$0.00,$0.00,$0.00,$0.00,0.00%,0,0.00%,$0.00,0.00%,0,0.00%,$0.00,0.00%,0,0.00%,$0.00,0.00%,0,0.00%,$0.00,0.00%,$0.00,$0.20,$0.00,$0.00,$0.00,$0.00,0.00%,$0.00,0.00%,$0.00,0.00%,$0.20,0.00%,$-0.20,0.00%
"DP12 RP V3","Icon Core Master 382 Piece Set",4,4,100.00%,0,0.00%,2,2,100.00%,0,0.00%,0,0,$0.00,0,0.00%,4,0,$0.00,4,0.00%,0,0,0,$0.00,$0.00,$0.00,$0.00,$0.00,$0.00,$0.00,$0.00,$0.00,$0.00,0.00%,0,0.00%,$0.00,0.00%,0,0.00%,$0.00,0.00%,0,0.00%,$0.00,0.00%,0,0.00%,$0.00,0.00%,$0.00,$0.40,$0.00,$0.00,$0.00,$0.00,0.00%,$0.00,0.00%,$0.00,0.00%,$0.40,0.00%,$-0.40,0.00%
"DP12 RP V3","Mercedes-AMG F1 Rallye Edition 750 Electric Bike",1,0,0.00%,1,100.00%,1,0,0.00%,1,100.00%,0,0,$0.00,0,0.00%,1,1,$98.89,0,100.00%,1,1,1,$98.89,$0.00,$0.00,$98.89,$0.00,$0.00,$98.89,$0.00,$98.89,$0.00,0.00%,0,0.00%,$0.00,0.00%,0,0.00%,$0.00,0.00%,0,0.00%,$0.00,0.00%,0,0.00%,$0.00,0.00%,$98.89,$5.14,$0.00,$0.00,$0.00,$0.00,0.00%,$0.00,0.00%,$0.00,0.00%,$5.14,5.20%,$93.75,94.80%
"DP12 RP V3","Nintendo Switch 2",2,2,100.00%,0,0.00%,1,1,100.00%,0,0.00%,0,0,$0.00,0,0.00%,2,0,$0.00,2,0.00%,0,0,0,$0.00,$0.00,$0.00,$0.00,$0.00,$0.00,$0.00,$0.00,$0.00,$0.00,0.00%,0,0.00%,$0.00,0.00%,0,0.00%,$0.00,0.00%,0,0.00%,$0.00,0.00%,0,0.00%,$0.00,0.00%,$0.00,$0.20,$0.00,$0.00,$0.00,$0.00,0.00%,$0.00,0.00%,$0.00,0.00%,$0.20,0.00%,$-0.20,0.00%
"DP12 RP V3","Orvis Clearwater Fly Rod Outfit",25,24,96.00%,1,4.00%,14,13,92.86%,1,7.14%,0,0,$0.00,0,0.00%,25,1,$98.89,24,4.00%,1,1,1,$98.89,$0.00,$0.00,$98.89,$0.00,$0.00,$98.89,$0.00,$98.89,$0.00,0.00%,0,0.00%,$0.00,0.00%,0,0.00%,$0.00,0.00%,0,0.00%,$0.00,0.00%,0,0.00%,$0.00,0.00%,$98.89,$7.54,$0.00,$0.00,$0.00,$0.00,0.00%,$0.00,0.00%,$0.00,0.00%,$7.54,7.62%,$91.35,92.38%
"DP12 RP V3","Power Recliner Chair",2,1,50.00%,1,50.00%,1,0,0.00%,1,100.00%,0,0,$0.00,0,0.00%,2,1,$98.89,1,50.00%,1,1,1,$98.89,$0.00,$0.00,$98.89,$0.00,$0.00,$98.89,$0.00,$98.89,$0.00,0.00%,0,0.00%,$0.00,0.00%,0,0.00%,$0.00,0.00%,0,0.00%,$0.00,0.00%,0,0.00%,$0.00,0.00%,$98.89,$0.20,$0.00,$0.00,$0.00,$0.00,0.00%,$0.00,0.00%,$0.00,0.00%,$0.20,0.20%,$98.69,99.80%
"DP12 RP V3","Ryobi ZeroTurn Lawn Mower",22,21,95.45%,1,4.55%,12,11,91.67%,1,8.33%,0,0,$0.00,0,0.00%,22,1,$98.89,21,4.55%,1,1,1,$98.89,$0.00,$0.00,$98.89,$0.00,$0.00,$98.89,$0.00,$98.89,$0.00,0.00%,0,0.00%,$0.00,0.00%,0,0.00%,$0.00,0.00%,0,0.00%,$0.00,0.00%,0,0.00%,$0.00,0.00%,$98.89,$2.00,$0.00,$0.00,$0.00,$0.00,0.00%,$0.00,0.00%,$0.00,0.00%,$2.00,2.02%,$96.89,97.98%
"DP12 RP V3","Shimano Spinning Reel",1,1,100.00%,0,0.00%,1,1,100.00%,0,0.00%,0,0,$0.00,0,0.00%,1,0,$0.00,1,0.00%,0,0,0,$0.00,$0.00,$0.00,$0.00,$0.00,$0.00,$0.00,$0.00,$0.00,$0.00,0.00%,0,0.00%,$0.00,0.00%,0,0.00%,$0.00,0.00%,0,0.00%,$0.00,0.00%,0,0.00%,$0.00,0.00%,$0.00,$0.00,$0.00,$0.00,$0.00,$0.00,0.00%,$0.00,0.00%,$0.00,0.00%,$0.00,0.00%,$0.00,0.00%
"DP12 RP V3","Stetson Cowboy Hat (White)",12,10,83.33%,2,16.67%,8,6,75.00%,2,25.00%,0,0,$0.00,0,0.00%,12,2,$197.78,10,16.67%,2,2,2,$197.78,$0.00,$0.00,$197.78,$0.00,$0.00,$197.78,$0.00,$197.78,$0.00,0.00%,0,0.00%,$0.00,0.00%,0,0.00%,$0.00,0.00%,0,0.00%,$0.00,0.00%,0,0.00%,$0.00,0.00%,$197.78,$11.08,$0.00,$0.00,$0.00,$0.00,0.00%,$0.00,0.00%,$0.00,0.00%,$11.08,5.60%,$186.70,94.40%
"DP12 RP V3","Toro Zero Turn Lawnmower",2,2,100.00%,0,0.00%,1,1,100.00%,0,0.00%,0,0,$0.00,0,0.00%,2,0,$0.00,2,0.00%,0,0,0,$0.00,$0.00,$0.00,$0.00,$0.00,$0.00,$0.00,$0.00,$0.00,$0.00,0.00%,0,0.00%,$0.00,0.00%,0,0.00%,$0.00,0.00%,0,0.00%,$0.00,0.00%,0,0.00%,$0.00,0.00%,$0.00,$0.20,$0.00,$0.00,$0.00,$0.00,0.00%,$0.00,0.00%,$0.00,0.00%,$0.20,0.00%,$-0.20,0.00%
"DP12 RP V3","Yeti Patriot Tundra Hard Cooler",2,2,100.00%,0,0.00%,1,1,100.00%,0,0.00%,0,0,$0.00,0,0.00%,2,0,$0.00,2,0.00%,0,0,0,$0.00,$0.00,$0.00,$0.00,$0.00,$0.00,$0.00,$0.00,$0.00,$0.00,0.00%,0,0.00%,$0.00,0.00%,0,0.00%,$0.00,0.00%,0,0.00%,$0.00,0.00%,0,0.00%,$0.00,0.00%,$0.00,$0.20,$0.00,$0.00,$0.00,$0.00,0.00%,$0.00,0.00%,$0.00,0.00%,$0.20,0.00%,$-0.20,0.00%
"DP12 V3","American Flag Bench",1,0,0.00%,1,100.00%,1,0,0.00%,1,100.00%,0,0,$0.00,0,0.00%,1,1,$98.89,0,100.00%,1,1,1,$98.89,$0.00,$0.00,$98.89,$0.00,$0.00,$98.89,$0.00,$98.89,$0.00,0.00%,0,0.00%,$0.00,0.00%,0,0.00%,$0.00,0.00%,0,0.00%,$0.00,0.00%,0,0.00%,$0.00,0.00%,$98.89,$5.14,$0.00,$0.00,$0.00,$0.00,0.00%,$0.00,0.00%,$0.00,0.00%,$5.14,5.20%,$93.75,94.80%
"DP12 V3","DeWalt Lawn Mower",8,7,87.50%,1,12.50%,6,5,83.33%,1,16.67%,0,0,$0.00,0,0.00%,8,1,$98.89,7,12.50%,1,1,1,$98.89,$0.00,$0.00,$98.89,$0.00,$0.00,$98.89,$0.00,$98.89,$0.00,0.00%,0,0.00%,$0.00,0.00%,0,0.00%,$0.00,0.00%,0,0.00%,$0.00,0.00%,0,0.00%,$0.00,0.00%,$98.89,$5.54,$0.00,$0.00,$0.00,$0.00,0.00%,$0.00,0.00%,$0.00,0.00%,$5.54,5.60%,$93.35,94.40%
"DP12 V3","Gorilla Dump Cart",60,48,80.00%,12,20.00%,37,25,67.57%,12,32.43%,0,0,$0.00,0,0.00%,60,12,"$1,186.68",48,20.00%,12,12,12,"$1,186.68",$0.00,$0.00,"$1,186.68",$0.00,$0.00,"$1,186.68",$0.00,"$1,186.68",$0.00,0.00%,0,0.00%,$0.00,0.00%,0,0.00%,$0.00,0.00%,0,0.00%,$0.00,0.00%,0,0.00%,$0.00,0.00%,"$1,186.68",$51.26,$0.00,$0.00,$0.00,$0.00,0.00%,$0.00,0.00%,$0.00,0.00%,$51.26,4.32%,"$1,135.42",95.68%
"DP12 V3","Harley Davidson Evo Helmet",53,49,92.45%,4,7.55%,31,27,87.10%,4,12.90%,0,0,$0.00,0,0.00%,53,4,$395.56,49,7.55%,4,4,4,$395.56,$0.00,$0.00,$395.56,$0.00,$0.00,$395.56,$0.00,$395.56,$0.00,0.00%,0,0.00%,$0.00,0.00%,0,0.00%,$0.00,0.00%,0,0.00%,$0.00,0.00%,0,0.00%,$0.00,0.00%,$395.56,$21.02,$0.00,$0.00,$0.00,$0.00,0.00%,$0.00,0.00%,$0.00,0.00%,$21.02,5.31%,$374.54,94.69%
"DP12 V3","Harley Davidson Evo Helmet (black/orange)",37,27,72.97%,10,27.03%,23,13,56.52%,10,43.48%,0,0,$0.00,0,0.00%,37,10,$988.90,27,27.03%,10,10,10,$988.90,$0.00,$0.00,$988.90,$0.00,$0.00,$988.90,$0.00,$988.90,$0.00,0.00%,0,0.00%,$0.00,0.00%,0,0.00%,$0.00,0.00%,0,0.00%,$0.00,0.00%,0,0.00%,$0.00,0.00%,$988.90,$44.12,$0.00,$0.00,$0.00,$0.00,0.00%,$0.00,0.00%,$0.00,0.00%,$44.12,4.46%,$944.78,95.54%
"DP12 V3","Heavy Duty Hitch Mount Flagpole Kit",26,22,84.62%,4,15.38%,15,11,73.33%,4,26.67%,0,0,$0.00,0,0.00%,26,4,$395.56,22,15.38%,4,4,4,$395.56,$0.00,$0.00,$395.56,$0.00,$0.00,$395.56,$0.00,$395.56,$0.00,0.00%,0,0.00%,$0.00,0.00%,0,0.00%,$0.00,0.00%,0,0.00%,$0.00,0.00%,0,0.00%,$0.00,0.00%,$395.56,$17.82,$0.00,$0.00,$0.00,$0.00,0.00%,$0.00,0.00%,$0.00,0.00%,$17.82,4.51%,$377.74,95.49%
"DP12 V3","Honda CRF250F",4,4,100.00%,0,0.00%,2,2,100.00%,0,0.00%,0,0,$0.00,0,0.00%,4,0,$0.00,4,0.00%,0,0,0,$0.00,$0.00,$0.00,$0.00,$0.00,$0.00,$0.00,$0.00,$0.00,$0.00,0.00%,0,0.00%,$0.00,0.00%,0,0.00%,$0.00,0.00%,0,0.00%,$0.00,0.00%,0,0.00%,$0.00,0.00%,$0.00,$0.40,$0.00,$0.00,$0.00,$0.00,0.00%,$0.00,0.00%,$0.00,0.00%,$0.40,0.00%,$-0.40,0.00%
"DP12 V3","Intex PureSpa 6 Person Outdoor Inflatable Hot Tub",2,1,50.00%,1,50.00%,2,1,50.00%,1,50.00%,0,0,$0.00,0,0.00%,2,1,$98.89,1,50.00%,1,1,1,$98.89,$0.00,$0.00,$98.89,$0.00,$0.00,$98.89,$0.00,$98.89,$0.00,0.00%,0,0.00%,$0.00,0.00%,0,0.00%,$0.00,0.00%,0,0.00%,$0.00,0.00%,0,0.00%,$0.00,0.00%,$98.89,$0.00,$0.00,$0.00,$0.00,$0.00,0.00%,$0.00,0.00%,$0.00,0.00%,$0.00,0.00%,$98.89,100.00%
"DP12 V3","Louis Vuitton Men Sling Bag",17,17,100.00%,0,0.00%,10,10,100.00%,0,0.00%,0,0,$0.00,0,0.00%,17,0,$0.00,17,0.00%,0,0,0,$0.00,$0.00,$0.00,$0.00,$0.00,$0.00,$0.00,$0.00,$0.00,$0.00,0.00%,0,0.00%,$0.00,0.00%,0,0.00%,$0.00,0.00%,0,0.00%,$0.00,0.00%,0,0.00%,$0.00,0.00%,$0.00,$1.60,$0.00,$0.00,$0.00,$0.00,0.00%,$0.00,0.00%,$0.00,0.00%,$1.60,0.00%,$-1.60,0.00%
"DP12 V3","Luminox Navy Seal Foundation Military Watch",111,101,90.99%,10,9.01%,68,58,85.29%,10,14.71%,0,0,$0.00,0,0.00%,111,10,$988.90,101,9.01%,10,10,10,$988.90,$0.00,$0.00,$988.90,$0.00,$0.00,$988.90,$0.00,$988.90,$98.89,10.00%,0,0.00%,$0.00,0.00%,1,10.00%,$98.89,10.00%,0,0.00%,$0.00,0.00%,0,0.00%,$0.00,0.00%,$890.01,$55.86,$0.00,$0.00,$0.00,$0.00,0.00%,$0.00,0.00%,$0.00,0.00%,$55.86,5.65%,$834.15,84.35%
"DP12 V3","Miller Lite Tailgate Combo Pack",139,119,85.61%,20,14.39%,83,63,75.90%,20,24.10%,0,0,$0.00,0,0.00%,139,20,"$1,977.80",119,14.39%,20,20,20,"$1,977.80",$0.00,$0.00,"$1,977.80",$0.00,$0.00,"$1,977.80",$0.00,"$1,977.80",$98.89,5.00%,1,5.00%,$98.89,5.00%,0,0.00%,$0.00,0.00%,0,0.00%,$0.00,0.00%,0,0.00%,$0.00,0.00%,"$1,878.91",$110.46,$0.00,$0.00,$0.00,$0.00,0.00%,$0.00,0.00%,$0.00,0.00%,$110.46,5.58%,"$1,768.45",89.42%
"DP12 V3","Orvis Clearwater Fly Rod Outfit",70,59,84.29%,11,15.71%,47,36,76.60%,11,23.40%,0,0,$0.00,0,0.00%,70,11,"$1,087.79",59,15.71%,11,11,11,"$1,087.79",$0.00,$0.00,"$1,087.79",$0.00,$0.00,"$1,087.79",$0.00,"$1,087.79",$0.00,0.00%,0,0.00%,$0.00,0.00%,0,0.00%,$0.00,0.00%,0,0.00%,$0.00,0.00%,0,0.00%,$0.00,0.00%,"$1,087.79",$56.40,$0.00,$0.00,$0.00,$0.00,0.00%,$0.00,0.00%,$0.00,0.00%,$56.40,5.18%,"$1,031.39",94.82%
"DP12 V3","Rapala Fishing Tackle Bag",131,121,92.37%,10,7.63%,78,68,87.18%,10,12.82%,0,0,$0.00,0,0.00%,131,10,$988.90,121,7.63%,10,10,10,$988.90,$0.00,$0.00,$988.90,$0.00,$0.00,$988.90,$0.00,$988.90,$0.00,0.00%,0,0.00%,$0.00,0.00%,0,0.00%,$0.00,0.00%,0,0.00%,$0.00,0.00%,0,0.00%,$0.00,0.00%,$988.90,$62.20,$0.00,$0.00,$0.00,$0.00,0.00%,$0.00,0.00%,$0.00,0.00%,$62.20,6.29%,$926.70,93.71%
"DP12 V3","Ryobi ZeroTurn Lawn Mower",6,6,100.00%,0,0.00%,3,3,100.00%,0,0.00%,0,0,$0.00,0,0.00%,6,0,$0.00,6,0.00%,0,0,0,$0.00,$0.00,$0.00,$0.00,$0.00,$0.00,$0.00,$0.00,$0.00,$0.00,0.00%,0,0.00%,$0.00,0.00%,0,0.00%,$0.00,0.00%,0,0.00%,$0.00,0.00%,0,0.00%,$0.00,0.00%,$0.00,$0.60,$0.00,$0.00,$0.00,$0.00,0.00%,$0.00,0.00%,$0.00,0.00%,$0.60,0.00%,$-0.60,0.00%
"DP12 V3","St. Croix Freshwater Spinning Rod",61,50,81.97%,11,18.03%,39,28,71.79%,11,28.21%,0,0,$0.00,0,0.00%,61,11,"$1,087.79",50,18.03%,11,11,11,"$1,087.79",$0.00,$0.00,"$1,087.79",$0.00,$0.00,"$1,087.79",$0.00,"$1,087.79",$0.00,0.00%,0,0.00%,$0.00,0.00%,0,0.00%,$0.00,0.00%,0,0.00%,$0.00,0.00%,0,0.00%,$0.00,0.00%,"$1,087.79",$61.54,$0.00,$0.00,$0.00,$0.00,0.00%,$0.00,0.00%,$0.00,0.00%,$61.54,5.66%,"$1,026.25",94.34%
"DP12 V3","Stihl ZeroTurn Lawn Mower",25,22,88.00%,3,12.00%,16,13,81.25%,3,18.75%,0,0,$0.00,0,0.00%,25,3,$296.67,22,12.00%,3,3,3,$296.67,$0.00,$0.00,$296.67,$0.00,$0.00,$296.67,$0.00,$296.67,$0.00,0.00%,0,0.00%,$0.00,0.00%,0,0.00%,$0.00,0.00%,0,0.00%,$0.00,0.00%,0,0.00%,$0.00,0.00%,$296.67,$17.62,$0.00,$0.00,$0.00,$0.00,0.00%,$0.00,0.00%,$0.00,0.00%,$17.62,5.94%,$279.05,94.06%
"DP12 V3","Titan Trash Compactor with Integrated Odor Control",17,14,82.35%,3,17.65%,10,7,70.00%,3,30.00%,0,0,$0.00,0,0.00%,17,3,$296.67,14,17.65%,3,3,3,$296.67,$0.00,$0.00,$296.67,$0.00,$0.00,$296.67,$0.00,$296.67,$0.00,0.00%,0,0.00%,$0.00,0.00%,0,0.00%,$0.00,0.00%,0,0.00%,$0.00,0.00%,0,0.00%,$0.00,0.00%,$296.67,$11.88,$0.00,$0.00,$0.00,$0.00,0.00%,$0.00,0.00%,$0.00,0.00%,$11.88,4.00%,$284.79,96.00%
"DP12 V3","Vevor Garden Dump Cart",8,5,62.50%,3,37.50%,6,3,50.00%,3,50.00%,0,0,$0.00,0,0.00%,8,3,$296.67,5,37.50%,3,3,3,$296.67,$0.00,$0.00,$296.67,$0.00,$0.00,$296.67,$0.00,$296.67,$49.44,16.66%,1,33.33%,$49.44,16.66%,0,0.00%,$0.00,0.00%,0,0.00%,$0.00,0.00%,0,0.00%,$0.00,0.00%,$247.23,$15.82,$0.00,$0.00,$0.00,$0.00,0.00%,$0.00,0.00%,$0.00,0.00%,$15.82,5.33%,$231.41,78.00%
"DP12 V3(PP)","American Flag Bench",2,1,50.00%,1,50.00%,2,1,50.00%,1,50.00%,0,0,$0.00,0,0.00%,2,1,$98.89,1,50.00%,1,1,1,$98.89,$0.00,$0.00,$98.89,$0.00,$0.00,$98.89,$0.00,$98.89,$0.00,0.00%,0,0.00%,$0.00,0.00%,0,0.00%,$0.00,0.00%,0,0.00%,$0.00,0.00%,0,0.00%,$0.00,0.00%,$98.89,$5.34,$0.00,$0.00,$0.00,$0.00,0.00%,$0.00,0.00%,$0.00,0.00%,$5.34,5.40%,$93.55,94.60%
"DP12 V3(PP)","Gorilla Dump Cart",2,1,50.00%,1,50.00%,2,1,50.00%,1,50.00%,0,0,$0.00,0,0.00%,2,1,$98.89,1,50.00%,1,1,1,$98.89,$0.00,$0.00,$98.89,$0.00,$0.00,$98.89,$0.00,$98.89,$0.00,0.00%,0,0.00%,$0.00,0.00%,0,0.00%,$0.00,0.00%,0,0.00%,$0.00,0.00%,0,0.00%,$0.00,0.00%,$98.89,$5.34,$0.00,$0.00,$0.00,$0.00,0.00%,$0.00,0.00%,$0.00,0.00%,$5.34,5.40%,$93.55,94.60%
"DP12 V3(PP)","Harley Davidson Evo Helmet (black/orange)",2,2,100.00%,0,0.00%,2,2,100.00%,0,0.00%,0,0,$0.00,0,0.00%,2,0,$0.00,2,0.00%,0,0,0,$0.00,$0.00,$0.00,$0.00,$0.00,$0.00,$0.00,$0.00,$0.00,$0.00,0.00%,0,0.00%,$0.00,0.00%,0,0.00%,$0.00,0.00%,0,0.00%,$0.00,0.00%,0,0.00%,$0.00,0.00%,$0.00,$0.40,$0.00,$0.00,$0.00,$0.00,0.00%,$0.00,0.00%,$0.00,0.00%,$0.40,0.00%,$-0.40,0.00%
"DP12 V3(PP)","Honda CRF250F",1,1,100.00%,0,0.00%,1,1,100.00%,0,0.00%,0,0,$0.00,0,0.00%,1,0,$0.00,1,0.00%,0,0,0,$0.00,$0.00,$0.00,$0.00,$0.00,$0.00,$0.00,$0.00,$0.00,$0.00,0.00%,0,0.00%,$0.00,0.00%,0,0.00%,$0.00,0.00%,0,0.00%,$0.00,0.00%,0,0.00%,$0.00,0.00%,$0.00,$0.20,$0.00,$0.00,$0.00,$0.00,0.00%,$0.00,0.00%,$0.00,0.00%,$0.20,0.00%,$-0.20,0.00%
"DP12 V3(PP)","Luminox Navy Seal Foundation Military Watch",5,5,100.00%,0,0.00%,5,5,100.00%,0,0.00%,0,0,$0.00,0,0.00%,5,0,$0.00,5,0.00%,0,0,0,$0.00,$0.00,$0.00,$0.00,$0.00,$0.00,$0.00,$0.00,$0.00,$0.00,0.00%,0,0.00%,$0.00,0.00%,0,0.00%,$0.00,0.00%,0,0.00%,$0.00,0.00%,0,0.00%,$0.00,0.00%,$0.00,$1.00,$0.00,$0.00,$0.00,$0.00,0.00%,$0.00,0.00%,$0.00,0.00%,$1.00,0.00%,$-1.00,0.00%
"DP12 V3(PP)","Miller Lite Tailgate Combo Pack",4,4,100.00%,0,0.00%,4,4,100.00%,0,0.00%,0,0,$0.00,0,0.00%,4,0,$0.00,4,0.00%,0,0,0,$0.00,$0.00,$0.00,$0.00,$0.00,$0.00,$0.00,$0.00,$0.00,$0.00,0.00%,0,0.00%,$0.00,0.00%,0,0.00%,$0.00,0.00%,0,0.00%,$0.00,0.00%,0,0.00%,$0.00,0.00%,$0.00,$0.80,$0.00,$0.00,$0.00,$0.00,0.00%,$0.00,0.00%,$0.00,0.00%,$0.80,0.00%,$-0.80,0.00%
"DP12 V3(PP)","Orvis Clearwater Fly Rod Outfit",2,2,100.00%,0,0.00%,2,2,100.00%,0,0.00%,0,0,$0.00,0,0.00%,2,0,$0.00,2,0.00%,0,0,0,$0.00,$0.00,$0.00,$0.00,$0.00,$0.00,$0.00,$0.00,$0.00,$0.00,0.00%,0,0.00%,$0.00,0.00%,0,0.00%,$0.00,0.00%,0,0.00%,$0.00,0.00%,0,0.00%,$0.00,0.00%,$0.00,$0.40,$0.00,$0.00,$0.00,$0.00,0.00%,$0.00,0.00%,$0.00,0.00%,$0.40,0.00%,$-0.40,0.00%
"DP12 V3(PP)","Rapala Fishing Tackle Bag",9,9,100.00%,0,0.00%,9,9,100.00%,0,0.00%,0,0,$0.00,0,0.00%,9,0,$0.00,9,0.00%,0,0,0,$0.00,$0.00,$0.00,$0.00,$0.00,$0.00,$0.00,$0.00,$0.00,$0.00,0.00%,0,0.00%,$0.00,0.00%,0,0.00%,$0.00,0.00%,0,0.00%,$0.00,0.00%,0,0.00%,$0.00,0.00%,$0.00,$1.80,$0.00,$0.00,$0.00,$0.00,0.00%,$0.00,0.00%,$0.00,0.00%,$1.80,0.00%,$-1.80,0.00%
"DP12 V3(PP)","St. Croix Freshwater Spinning Rod",4,4,100.00%,0,0.00%,4,4,100.00%,0,0.00%,0,0,$0.00,0,0.00%,4,0,$0.00,4,0.00%,0,0,0,$0.00,$0.00,$0.00,$0.00,$0.00,$0.00,$0.00,$0.00,$0.00,$0.00,0.00%,0,0.00%,$0.00,0.00%,0,0.00%,$0.00,0.00%,0,0.00%,$0.00,0.00%,0,0.00%,$0.00,0.00%,$0.00,$0.80,$0.00,$0.00,$0.00,$0.00,0.00%,$0.00,0.00%,$0.00,0.00%,$0.80,0.00%,$-0.80,0.00%
"DP12 V3(PP)","Vevor Garden Dump Cart",1,0,0.00%,1,100.00%,1,0,0.00%,1,100.00%,0,0,$0.00,0,0.00%,1,1,$98.89,0,100.00%,1,1,1,$98.89,$0.00,$0.00,$98.89,$0.00,$0.00,$98.89,$0.00,$98.89,$0.00,0.00%,0,0.00%,$0.00,0.00%,0,0.00%,$0.00,0.00%,0,0.00%,$0.00,0.00%,0,0.00%,$0.00,0.00%,$98.89,$5.14,$0.00,$0.00,$0.00,$0.00,0.00%,$0.00,0.00%,$0.00,0.00%,$5.14,5.20%,$93.75,94.80%
"DP13 RP V3","Mercedes-AMG F1 Rallye Edition 750 Electric Bike",1,1,100.00%,0,0.00%,1,1,100.00%,0,0.00%,0,0,$0.00,0,0.00%,1,0,$0.00,1,0.00%,0,0,0,$0.00,$0.00,$0.00,$0.00,$0.00,$0.00,$0.00,$0.00,$0.00,$0.00,0.00%,0,0.00%,$0.00,0.00%,0,0.00%,$0.00,0.00%,0,0.00%,$0.00,0.00%,0,0.00%,$0.00,0.00%,$0.00,$0.00,$0.00,$0.00,$0.00,$0.00,0.00%,$0.00,0.00%,$0.00,0.00%,$0.00,0.00%,$0.00,0.00%
"DP13 RP V3","Stetson Cowboy Hat (Black)",3,1,33.33%,2,66.67%,2,0,0.00%,2,100.00%,0,0,$0.00,0,0.00%,3,2,$197.78,1,66.67%,2,2,2,$197.78,$0.00,$0.00,$197.78,$0.00,$0.00,$197.78,$0.00,$197.78,$0.00,0.00%,0,0.00%,$0.00,0.00%,0,0.00%,$0.00,0.00%,0,0.00%,$0.00,0.00%,0,0.00%,$0.00,0.00%,$197.78,$5.34,$0.00,$0.00,$0.00,$0.00,0.00%,$0.00,0.00%,$0.00,0.00%,$5.34,2.70%,$192.44,97.30%
"DP13 RP V3","Stetson Cowboy Hat (White)",3,2,66.67%,1,33.33%,2,1,50.00%,1,50.00%,0,0,$0.00,0,0.00%,3,1,$98.89,2,33.33%,1,1,1,$98.89,$0.00,$0.00,$98.89,$0.00,$0.00,$98.89,$0.00,$98.89,$0.00,0.00%,0,0.00%,$0.00,0.00%,0,0.00%,$0.00,0.00%,0,0.00%,$0.00,0.00%,0,0.00%,$0.00,0.00%,$98.89,$5.34,$0.00,$0.00,$0.00,$0.00,0.00%,$0.00,0.00%,$0.00,0.00%,$5.34,5.40%,$93.55,94.60%
"DP13 V3","Alpinestars Supertech R10 Team Helmet",2,2,100.00%,0,0.00%,1,1,100.00%,0,0.00%,0,0,$0.00,0,0.00%,2,0,$0.00,2,0.00%,0,0,0,$0.00,$0.00,$0.00,$0.00,$0.00,$0.00,$0.00,$0.00,$0.00,$0.00,0.00%,0,0.00%,$0.00,0.00%,0,0.00%,$0.00,0.00%,0,0.00%,$0.00,0.00%,0,0.00%,$0.00,0.00%,$0.00,$0.20,$0.00,$0.00,$0.00,$0.00,0.00%,$0.00,0.00%,$0.00,0.00%,$0.20,0.00%,$-0.20,0.00%
"DP13 V3","Bell Carbon Motorcycle Helmet",19,16,84.21%,3,15.79%,11,8,72.73%,3,27.27%,0,0,$0.00,0,0.00%,19,3,$296.67,16,15.79%,3,3,3,$296.67,$0.00,$0.00,$296.67,$0.00,$0.00,$296.67,$0.00,$296.67,$0.00,0.00%,0,0.00%,$0.00,0.00%,0,0.00%,$0.00,0.00%,0,0.00%,$0.00,0.00%,0,0.00%,$0.00,0.00%,$296.67,$12.08,$0.00,$0.00,$0.00,$0.00,0.00%,$0.00,0.00%,$0.00,0.00%,$12.08,4.07%,$284.59,95.93%
"DP13 V3","Evolution Tackle Fishing Bag",2,2,100.00%,0,0.00%,1,1,100.00%,0,0.00%,0,0,$0.00,0,0.00%,2,0,$0.00,2,0.00%,0,0,0,$0.00,$0.00,$0.00,$0.00,$0.00,$0.00,$0.00,$0.00,$0.00,$0.00,0.00%,0,0.00%,$0.00,0.00%,0,0.00%,$0.00,0.00%,0,0.00%,$0.00,0.00%,0,0.00%,$0.00,0.00%,$0.00,$0.20,$0.00,$0.00,$0.00,$0.00,0.00%,$0.00,0.00%,$0.00,0.00%,$0.20,0.00%,$-0.20,0.00%
"DP13 V3","Harley Davidson Motorcycle Helmet",2,2,100.00%,0,0.00%,1,1,100.00%,0,0.00%,0,0,$0.00,0,0.00%,2,0,$0.00,2,0.00%,0,0,0,$0.00,$0.00,$0.00,$0.00,$0.00,$0.00,$0.00,$0.00,$0.00,$0.00,0.00%,0,0.00%,$0.00,0.00%,0,0.00%,$0.00,0.00%,0,0.00%,$0.00,0.00%,0,0.00%,$0.00,0.00%,$0.00,$0.20,$0.00,$0.00,$0.00,$0.00,0.00%,$0.00,0.00%,$0.00,0.00%,$0.20,0.00%,$-0.20,0.00%
"DP13 V3","Harley Davidson Motorcycle Jacket",2,2,100.00%,0,0.00%,1,1,100.00%,0,0.00%,0,0,$0.00,0,0.00%,2,0,$0.00,2,0.00%,0,0,0,$0.00,$0.00,$0.00,$0.00,$0.00,$0.00,$0.00,$0.00,$0.00,$0.00,0.00%,0,0.00%,$0.00,0.00%,0,0.00%,$0.00,0.00%,0,0.00%,$0.00,0.00%,0,0.00%,$0.00,0.00%,$0.00,$0.20,$0.00,$0.00,$0.00,$0.00,0.00%,$0.00,0.00%,$0.00,0.00%,$0.20,0.00%,$-0.20,0.00%
"DP13 V3","HJC Motorcycle Helmet",11,9,81.82%,2,18.18%,6,4,66.67%,2,33.33%,0,0,$0.00,0,0.00%,11,2,$197.78,9,18.18%,2,2,2,$197.78,$0.00,$0.00,$197.78,$0.00,$0.00,$197.78,$0.00,$197.78,$0.00,0.00%,0,0.00%,$0.00,0.00%,0,0.00%,$0.00,0.00%,0,0.00%,$0.00,0.00%,0,0.00%,$0.00,0.00%,$197.78,$6.14,$0.00,$0.00,$0.00,$0.00,0.00%,$0.00,0.00%,$0.00,0.00%,$6.14,3.10%,$191.64,96.90%
"DP13 V3","Mercedes AMG F1 E-Bike",6,4,66.67%,2,33.33%,3,1,33.33%,2,66.67%,0,0,$0.00,0,0.00%,6,2,$197.78,4,33.33%,2,2,2,$197.78,$0.00,$0.00,$197.78,$0.00,$0.00,$197.78,$0.00,$197.78,$0.00,0.00%,0,0.00%,$0.00,0.00%,0,0.00%,$0.00,0.00%,0,0.00%,$0.00,0.00%,0,0.00%,$0.00,0.00%,$197.78,$0.60,$0.00,$0.00,$0.00,$0.00,0.00%,$0.00,0.00%,$0.00,0.00%,$0.60,0.30%,$197.18,99.70%
"DP13 V3","Mercedes-AMG F1 Rallye Edition 750 Electric Bike",4,2,50.00%,2,50.00%,3,1,33.33%,2,66.67%,0,0,$0.00,0,0.00%,4,2,$197.78,2,50.00%,2,2,2,$197.78,$0.00,$0.00,$197.78,$0.00,$0.00,$197.78,$0.00,$197.78,$0.00,0.00%,0,0.00%,$0.00,0.00%,0,0.00%,$0.00,0.00%,0,0.00%,$0.00,0.00%,0,0.00%,$0.00,0.00%,$197.78,$10.48,$0.00,$0.00,$0.00,$0.00,0.00%,$0.00,0.00%,$0.00,0.00%,$10.48,5.30%,$187.30,94.70%
"DP13 V3","Orvis Clearwater Fly Rod Outfit",15,14,93.33%,1,6.67%,8,7,87.50%,1,12.50%,0,0,$0.00,0,0.00%,15,1,$98.89,14,6.67%,1,1,1,$98.89,$0.00,$0.00,$98.89,$0.00,$0.00,$98.89,$0.00,$98.89,$0.00,0.00%,0,0.00%,$0.00,0.00%,0,0.00%,$0.00,0.00%,0,0.00%,$0.00,0.00%,0,0.00%,$0.00,0.00%,$98.89,$1.40,$0.00,$0.00,$0.00,$0.00,0.00%,$0.00,0.00%,$0.00,0.00%,$1.40,1.42%,$97.49,98.58%
"DP13 V3","Shimano Spinning Reel",2,2,100.00%,0,0.00%,1,1,100.00%,0,0.00%,0,0,$0.00,0,0.00%,2,0,$0.00,2,0.00%,0,0,0,$0.00,$0.00,$0.00,$0.00,$0.00,$0.00,$0.00,$0.00,$0.00,$0.00,0.00%,0,0.00%,$0.00,0.00%,0,0.00%,$0.00,0.00%,0,0.00%,$0.00,0.00%,0,0.00%,$0.00,0.00%,$0.00,$0.20,$0.00,$0.00,$0.00,$0.00,0.00%,$0.00,0.00%,$0.00,0.00%,$0.20,0.00%,$-0.20,0.00%
"DP13 V3","St. Croix Freshwater Spinning Rod",39,29,74.36%,10,25.64%,29,19,65.52%,10,34.48%,0,0,$0.00,0,0.00%,39,10,$988.90,29,25.64%,10,10,10,$988.90,$0.00,$0.00,$988.90,$0.00,$0.00,$988.90,$0.00,$988.90,$0.00,0.00%,0,0.00%,$0.00,0.00%,0,0.00%,$0.00,0.00%,0,0.00%,$0.00,0.00%,0,0.00%,$0.00,0.00%,$988.90,$54.20,$0.00,$0.00,$0.00,$0.00,0.00%,$0.00,0.00%,$0.00,0.00%,$54.20,5.48%,$934.70,94.52%
"DP13 V3","Stihl ZeroTurn Lawn Mower",5,5,100.00%,0,0.00%,3,3,100.00%,0,0.00%,0,0,$0.00,0,0.00%,5,0,$0.00,5,0.00%,0,0,0,$0.00,$0.00,$0.00,$0.00,$0.00,$0.00,$0.00,$0.00,$0.00,$0.00,0.00%,0,0.00%,$0.00,0.00%,0,0.00%,$0.00,0.00%,0,0.00%,$0.00,0.00%,0,0.00%,$0.00,0.00%,$0.00,$0.60,$0.00,$0.00,$0.00,$0.00,0.00%,$0.00,0.00%,$0.00,0.00%,$0.60,0.00%,$-0.60,0.00%
"DP13 V3","TaylorMade SIM2 Max Driver",5,3,60.00%,2,40.00%,4,2,50.00%,2,50.00%,0,0,$0.00,0,0.00%,5,2,$197.78,3,40.00%,2,2,2,$197.78,$0.00,$0.00,$197.78,$0.00,$0.00,$197.78,$0.00,$197.78,$98.89,50.00%,0,0.00%,$0.00,0.00%,0,0.00%,$0.00,0.00%,0,0.00%,$0.00,0.00%,1,50.00%,$98.89,50.00%,$98.89,$10.68,$0.00,$0.00,$0.00,$0.00,0.00%,$0.00,0.00%,$0.00,0.00%,$10.68,5.40%,$88.21,44.60%
"DP13 V3","The North Face 12 Quart Base Camp Cooler",1,1,100.00%,0,0.00%,1,1,100.00%,0,0.00%,0,0,$0.00,0,0.00%,1,0,$0.00,1,0.00%,0,0,0,$0.00,$0.00,$0.00,$0.00,$0.00,$0.00,$0.00,$0.00,$0.00,$0.00,0.00%,0,0.00%,$0.00,0.00%,0,0.00%,$0.00,0.00%,0,0.00%,$0.00,0.00%,0,0.00%,$0.00,0.00%,$0.00,$0.20,$0.00,$0.00,$0.00,$0.00,0.00%,$0.00,0.00%,$0.00,0.00%,$0.20,0.00%,$-0.20,0.00%
"DP13 V3 (PP)","Bell Carbon Motorcycle Helmet",2,0,0.00%,2,100.00%,2,0,0.00%,2,100.00%,0,0,$0.00,0,0.00%,2,2,$197.78,0,100.00%,2,2,2,$197.78,$0.00,$0.00,$197.78,$0.00,$0.00,$197.78,$0.00,$197.78,$0.00,0.00%,0,0.00%,$0.00,0.00%,0,0.00%,$0.00,0.00%,0,0.00%,$0.00,0.00%,0,0.00%,$0.00,0.00%,$197.78,$10.28,$0.00,$0.00,$0.00,$0.00,0.00%,$0.00,0.00%,$0.00,0.00%,$10.28,5.20%,$187.50,94.80%
"DP13 V3 (PP)","Harley Davidson Motorcycle Helmet",1,1,100.00%,0,0.00%,1,1,100.00%,0,0.00%,0,0,$0.00,0,0.00%,1,0,$0.00,1,0.00%,0,0,0,$0.00,$0.00,$0.00,$0.00,$0.00,$0.00,$0.00,$0.00,$0.00,$0.00,0.00%,0,0.00%,$0.00,0.00%,0,0.00%,$0.00,0.00%,0,0.00%,$0.00,0.00%,0,0.00%,$0.00,0.00%,$0.00,$0.20,$0.00,$0.00,$0.00,$0.00,0.00%,$0.00,0.00%,$0.00,0.00%,$0.20,0.00%,$-0.20,0.00%
"DP13 V3 (PP)","Mercedes AMG F1 E-Bike",1,0,0.00%,1,100.00%,1,0,0.00%,1,100.00%,0,0,$0.00,0,0.00%,1,1,$98.89,0,100.00%,1,1,1,$98.89,$0.00,$0.00,$98.89,$0.00,$0.00,$98.89,$0.00,$98.89,$0.00,0.00%,0,0.00%,$0.00,0.00%,0,0.00%,$0.00,0.00%,0,0.00%,$0.00,0.00%,0,0.00%,$0.00,0.00%,$98.89,$5.14,$0.00,$0.00,$0.00,$0.00,0.00%,$0.00,0.00%,$0.00,0.00%,$5.14,5.20%,$93.75,94.80%
"DP13 V3 (PP)","Orvis Clearwater Fly Rod Outfit",1,0,0.00%,1,100.00%,1,0,0.00%,1,100.00%,0,0,$0.00,0,0.00%,1,1,$98.89,0,100.00%,1,1,1,$98.89,$0.00,$0.00,$98.89,$0.00,$0.00,$98.89,$0.00,$98.89,$0.00,0.00%,0,0.00%,$0.00,0.00%,0,0.00%,$0.00,0.00%,0,0.00%,$0.00,0.00%,0,0.00%,$0.00,0.00%,$98.89,$5.14,$0.00,$0.00,$0.00,$0.00,0.00%,$0.00,0.00%,$0.00,0.00%,$5.14,5.20%,$93.75,94.80%
"DP13 V3 (PP)","St. Croix Freshwater Spinning Rod",1,1,100.00%,0,0.00%,1,1,100.00%,0,0.00%,0,0,$0.00,0,0.00%,1,0,$0.00,1,0.00%,0,0,0,$0.00,$0.00,$0.00,$0.00,$0.00,$0.00,$0.00,$0.00,$0.00,$0.00,0.00%,0,0.00%,$0.00,0.00%,0,0.00%,$0.00,0.00%,0,0.00%,$0.00,0.00%,0,0.00%,$0.00,0.00%,$0.00,$0.20,$0.00,$0.00,$0.00,$0.00,0.00%,$0.00,0.00%,$0.00,0.00%,$0.20,0.00%,$-0.20,0.00%
"DP13 V3 (PP)","Stihl ZeroTurn Lawn Mower",3,3,100.00%,0,0.00%,3,3,100.00%,0,0.00%,0,0,$0.00,0,0.00%,3,0,$0.00,3,0.00%,0,0,0,$0.00,$0.00,$0.00,$0.00,$0.00,$0.00,$0.00,$0.00,$0.00,$0.00,0.00%,0,0.00%,$0.00,0.00%,0,0.00%,$0.00,0.00%,0,0.00%,$0.00,0.00%,0,0.00%,$0.00,0.00%,$0.00,$0.60,$0.00,$0.00,$0.00,$0.00,0.00%,$0.00,0.00%,$0.00,0.00%,$0.60,0.00%,$-0.60,0.00%
"DP2 V3","Bad Boy MZ Rambler Lawn Mower",1,1,100.00%,0,0.00%,1,1,100.00%,0,0.00%,1,0,$0.00,1,0.00%,0,0,$0.00,0,0.00%,0,0,0,$0.00,$0.00,$0.00,$0.00,$0.00,$0.00,$0.00,$0.00,$0.00,$0.00,0.00%,0,0.00%,$0.00,0.00%,0,0.00%,$0.00,0.00%,0,0.00%,$0.00,0.00%,0,0.00%,$0.00,0.00%,$0.00,$0.20,$0.00,$0.00,$0.00,$0.00,0.00%,$0.00,0.00%,$0.00,0.00%,$0.20,0.00%,$-0.20,0.00%
"DP2 V3","Badland ZXR 5000 Powersport Winch",2,2,100.00%,0,0.00%,2,2,100.00%,0,0.00%,2,0,$0.00,2,0.00%,0,0,$0.00,0,0.00%,0,0,0,$0.00,$0.00,$0.00,$0.00,$0.00,$0.00,$0.00,$0.00,$0.00,$0.00,0.00%,0,0.00%,$0.00,0.00%,0,0.00%,$0.00,0.00%,0,0.00%,$0.00,0.00%,0,0.00%,$0.00,0.00%,$0.00,$0.40,$0.00,$0.00,$0.00,$0.00,0.00%,$0.00,0.00%,$0.00,0.00%,$0.40,0.00%,$-0.40,0.00%
"DP2 V3","Chevrolet Custom Bench",12,7,58.33%,5,41.67%,12,7,58.33%,5,41.67%,12,5,$239.20,7,41.67%,0,0,$0.00,0,0.00%,5,5,5,$239.20,$0.00,$0.00,$239.20,$0.00,$0.00,$239.20,$0.00,$239.20,$0.00,0.00%,0,0.00%,$0.00,0.00%,0,0.00%,$0.00,0.00%,0,0.00%,$0.00,0.00%,0,0.00%,$0.00,0.00%,$239.20,$14.35,$0.00,$0.00,$0.00,$0.00,0.00%,$0.00,0.00%,$0.00,0.00%,$14.35,6.00%,$224.85,94.00%
"DP2 V3","Cub Cadet Zero Turn Lawn Mower",6,4,66.67%,2,33.33%,6,4,66.67%,2,33.33%,6,2,$95.68,4,33.33%,0,0,$0.00,0,0.00%,2,2,2,$95.68,$0.00,$0.00,$95.68,$0.00,$0.00,$95.68,$0.00,$95.68,$0.00,0.00%,0,0.00%,$0.00,0.00%,0,0.00%,$0.00,0.00%,0,0.00%,$0.00,0.00%,0,0.00%,$0.00,0.00%,$95.68,$5.98,$0.00,$0.00,$0.00,$0.00,0.00%,$0.00,0.00%,$0.00,0.00%,$5.98,6.25%,$89.70,93.75%
"DP2 V3","Garmin Instinct 3 Amoled Limited Edition Watch",7,5,71.43%,2,28.57%,7,5,71.43%,2,28.57%,7,2,$95.68,5,28.57%,0,0,$0.00,0,0.00%,2,2,2,$95.68,$0.00,$0.00,$95.68,$0.00,$0.00,$95.68,$0.00,$95.68,$47.84,50.00%,0,0.00%,$0.00,0.00%,0,0.00%,$0.00,0.00%,0,0.00%,$0.00,0.00%,1,50.00%,$47.84,50.00%,$47.84,$6.18,$0.00,$0.00,$0.00,$0.00,0.00%,$0.00,0.00%,$0.00,0.00%,$6.18,6.46%,$41.66,43.54%
"DP2 V3","Gorilla Dump Cart",8,4,50.00%,4,50.00%,8,4,50.00%,4,50.00%,8,4,$191.36,4,50.00%,0,0,$0.00,0,0.00%,4,4,4,$191.36,$0.00,$0.00,$191.36,$0.00,$0.00,$191.36,$0.00,$191.36,$0.00,0.00%,0,0.00%,$0.00,0.00%,0,0.00%,$0.00,0.00%,0,0.00%,$0.00,0.00%,0,0.00%,$0.00,0.00%,$191.36,$11.16,$0.00,$0.00,$0.00,$0.00,0.00%,$0.00,0.00%,$0.00,0.00%,$11.16,5.83%,$180.20,94.17%
"DP2 V3","Icon Core Master 382 Piece Set",1,1,100.00%,0,0.00%,1,1,100.00%,0,0.00%,1,0,$0.00,1,0.00%,0,0,$0.00,0,0.00%,0,0,0,$0.00,$0.00,$0.00,$0.00,$0.00,$0.00,$0.00,$0.00,$0.00,$0.00,0.00%,0,0.00%,$0.00,0.00%,0,0.00%,$0.00,0.00%,0,0.00%,$0.00,0.00%,0,0.00%,$0.00,0.00%,$0.00,$0.20,$0.00,$0.00,$0.00,$0.00,0.00%,$0.00,0.00%,$0.00,0.00%,$0.20,0.00%,$-0.20,0.00%
"DP2 V3","Intex PureSpa 6 Person Outdoor Inflatable Hot Tub",3,3,100.00%,0,0.00%,3,3,100.00%,0,0.00%,3,0,$0.00,3,0.00%,0,0,$0.00,0,0.00%,0,0,0,$0.00,$0.00,$0.00,$0.00,$0.00,$0.00,$0.00,$0.00,$0.00,$0.00,0.00%,0,0.00%,$0.00,0.00%,0,0.00%,$0.00,0.00%,0,0.00%,$0.00,0.00%,0,0.00%,$0.00,0.00%,$0.00,$0.60,$0.00,$0.00,$0.00,$0.00,0.00%,$0.00,0.00%,$0.00,0.00%,$0.60,0.00%,$-0.60,0.00%
"DP2 V3","Louis Vuitton Men Sling Bag",1,1,100.00%,0,0.00%,1,1,100.00%,0,0.00%,1,0,$0.00,1,0.00%,0,0,$0.00,0,0.00%,0,0,0,$0.00,$0.00,$0.00,$0.00,$0.00,$0.00,$0.00,$0.00,$0.00,$0.00,0.00%,0,0.00%,$0.00,0.00%,0,0.00%,$0.00,0.00%,0,0.00%,$0.00,0.00%,0,0.00%,$0.00,0.00%,$0.00,$0.20,$0.00,$0.00,$0.00,$0.00,0.00%,$0.00,0.00%,$0.00,0.00%,$0.20,0.00%,$-0.20,0.00%
"DP2 V3","Nintendo Switch 2",3,3,100.00%,0,0.00%,3,3,100.00%,0,0.00%,3,0,$0.00,3,0.00%,0,0,$0.00,0,0.00%,0,0,0,$0.00,$0.00,$0.00,$0.00,$0.00,$0.00,$0.00,$0.00,$0.00,$0.00,0.00%,0,0.00%,$0.00,0.00%,0,0.00%,$0.00,0.00%,0,0.00%,$0.00,0.00%,0,0.00%,$0.00,0.00%,$0.00,$0.60,$0.00,$0.00,$0.00,$0.00,0.00%,$0.00,0.00%,$0.00,0.00%,$0.60,0.00%,$-0.60,0.00%
"DP2 V3","One Stop Gardens 10 ft. x 12 ft. Greenhouse",1,1,100.00%,0,0.00%,1,1,100.00%,0,0.00%,1,0,$0.00,1,0.00%,0,0,$0.00,0,0.00%,0,0,0,$0.00,$0.00,$0.00,$0.00,$0.00,$0.00,$0.00,$0.00,$0.00,$0.00,0.00%,0,0.00%,$0.00,0.00%,0,0.00%,$0.00,0.00%,0,0.00%,$0.00,0.00%,0,0.00%,$0.00,0.00%,$0.00,$0.20,$0.00,$0.00,$0.00,$0.00,0.00%,$0.00,0.00%,$0.00,0.00%,$0.20,0.00%,$-0.20,0.00%
"DP2 V3","Orvis Clearwater Fly Rod Outfit",26,21,80.77%,5,19.23%,26,21,80.77%,5,19.23%,26,5,$239.20,21,19.23%,0,0,$0.00,0,0.00%,5,5,5,$239.20,$0.00,$0.00,$239.20,$0.00,$0.00,$239.20,$0.00,$239.20,$47.84,20.00%,0,0.00%,$0.00,0.00%,0,0.00%,$0.00,0.00%,0,0.00%,$0.00,0.00%,1,20.00%,$47.84,20.00%,$191.36,$17.15,$0.00,$0.00,$0.00,$0.00,0.00%,$0.00,0.00%,$0.00,0.00%,$17.15,7.17%,$174.21,72.83%
"DP2 V3","Power Recliner Chair",3,2,66.67%,1,33.33%,3,2,66.67%,1,33.33%,3,1,$47.84,2,33.33%,0,0,$0.00,0,0.00%,1,1,1,$47.84,$0.00,$0.00,$47.84,$0.00,$0.00,$47.84,$0.00,$47.84,$0.00,0.00%,0,0.00%,$0.00,0.00%,0,0.00%,$0.00,0.00%,0,0.00%,$0.00,0.00%,0,0.00%,$0.00,0.00%,$47.84,$2.99,$0.00,$0.00,$0.00,$0.00,0.00%,$0.00,0.00%,$0.00,0.00%,$2.99,6.25%,$44.85,93.75%
"DP2 V3","Ryobi ZeroTurn Lawn Mower",19,14,73.68%,5,26.32%,19,14,73.68%,5,26.32%,18,4,$191.36,14,22.22%,1,1,$47.84,0,100.00%,5,5,4,$239.20,$0.00,$0.00,$239.20,$0.00,$0.00,$239.20,$0.00,$239.20,$0.00,0.00%,0,0.00%,$0.00,0.00%,0,0.00%,$0.00,0.00%,0,0.00%,$0.00,0.00%,0,0.00%,$0.00,0.00%,$239.20,$15.75,$0.00,$0.00,$0.00,$0.00,0.00%,$0.00,0.00%,$0.00,0.00%,$15.75,6.58%,$223.45,93.42%
"DP2 V3","St. Croix Freshwater Spinning Rod",10,9,90.00%,1,10.00%,10,9,90.00%,1,10.00%,10,1,$47.84,9,10.00%,0,0,$0.00,0,0.00%,1,1,1,$47.84,$0.00,$0.00,$47.84,$0.00,$0.00,$47.84,$0.00,$47.84,$0.00,0.00%,0,0.00%,$0.00,0.00%,0,0.00%,$0.00,0.00%,0,0.00%,$0.00,0.00%,0,0.00%,$0.00,0.00%,$47.84,$4.39,$0.00,$0.00,$0.00,$0.00,0.00%,$0.00,0.00%,$0.00,0.00%,$4.39,9.18%,$43.45,90.82%
"DP2 V3","Stetson Cowboy Hat (White)",8,6,75.00%,2,25.00%,8,6,75.00%,2,25.00%,8,2,$95.68,6,25.00%,0,0,$0.00,0,0.00%,2,2,2,$95.68,$0.00,$0.00,$95.68,$0.00,$0.00,$95.68,$0.00,$95.68,$0.00,0.00%,0,0.00%,$0.00,0.00%,0,0.00%,$0.00,0.00%,0,0.00%,$0.00,0.00%,0,0.00%,$0.00,0.00%,$95.68,$6.38,$0.00,$0.00,$0.00,$0.00,0.00%,$0.00,0.00%,$0.00,0.00%,$6.38,6.67%,$89.30,93.33%
"DP2 V3","Toro Zero Turn Lawnmower",15,11,73.33%,4,26.67%,15,11,73.33%,4,26.67%,15,4,$191.36,11,26.67%,0,0,$0.00,0,0.00%,4,4,4,$191.36,$0.00,$0.00,$191.36,$0.00,$0.00,$191.36,$0.00,$191.36,$0.00,0.00%,0,0.00%,$0.00,0.00%,0,0.00%,$0.00,0.00%,0,0.00%,$0.00,0.00%,0,0.00%,$0.00,0.00%,$191.36,$12.56,$0.00,$0.00,$0.00,$0.00,0.00%,$0.00,0.00%,$0.00,0.00%,$12.56,6.56%,$178.80,93.44%
"DP2 V3(PP)","Icon Core Master 382 Piece Set",1,1,100.00%,0,0.00%,1,1,100.00%,0,0.00%,1,0,$0.00,1,0.00%,0,0,$0.00,0,0.00%,0,0,0,$0.00,$0.00,$0.00,$0.00,$0.00,$0.00,$0.00,$0.00,$0.00,$0.00,0.00%,0,0.00%,$0.00,0.00%,0,0.00%,$0.00,0.00%,0,0.00%,$0.00,0.00%,0,0.00%,$0.00,0.00%,$0.00,$0.20,$0.00,$0.00,$0.00,$0.00,0.00%,$0.00,0.00%,$0.00,0.00%,$0.20,0.00%,$-0.20,0.00%
"DP2 V3(PP)","Orvis Clearwater Fly Rod Outfit",5,3,60.00%,2,40.00%,5,3,60.00%,2,40.00%,5,2,$95.68,3,40.00%,0,0,$0.00,0,0.00%,2,2,2,$95.68,$0.00,$0.00,$95.68,$0.00,$0.00,$95.68,$0.00,$95.68,$0.00,0.00%,0,0.00%,$0.00,0.00%,0,0.00%,$0.00,0.00%,0,0.00%,$0.00,0.00%,0,0.00%,$0.00,0.00%,$95.68,$5.78,$0.00,$0.00,$0.00,$0.00,0.00%,$0.00,0.00%,$0.00,0.00%,$5.78,6.04%,$89.90,93.96%
"DP2 V3(PP)","Ryobi ZeroTurn Lawn Mower",1,0,0.00%,1,100.00%,1,0,0.00%,1,100.00%,1,1,$47.84,0,100.00%,0,0,$0.00,0,0.00%,1,1,1,$47.84,$0.00,$0.00,$47.84,$0.00,$0.00,$47.84,$0.00,$47.84,$0.00,0.00%,0,0.00%,$0.00,0.00%,0,0.00%,$0.00,0.00%,0,0.00%,$0.00,0.00%,0,0.00%,$0.00,0.00%,$47.84,$2.59,$0.00,$0.00,$0.00,$0.00,0.00%,$0.00,0.00%,$0.00,0.00%,$2.59,5.41%,$45.25,94.59%
"DP2 V3(PP)","St. Croix Freshwater Spinning Rod",3,3,100.00%,0,0.00%,3,3,100.00%,0,0.00%,3,0,$0.00,3,0.00%,0,0,$0.00,0,0.00%,0,0,0,$0.00,$0.00,$0.00,$0.00,$0.00,$0.00,$0.00,$0.00,$0.00,$0.00,0.00%,0,0.00%,$0.00,0.00%,0,0.00%,$0.00,0.00%,0,0.00%,$0.00,0.00%,0,0.00%,$0.00,0.00%,$0.00,$0.60,$0.00,$0.00,$0.00,$0.00,0.00%,$0.00,0.00%,$0.00,0.00%,$0.60,0.00%,$-0.60,0.00%
"DP2 V3(PP)","Stetson Cowboy Hat (White)",3,2,66.67%,1,33.33%,3,2,66.67%,1,33.33%,3,1,$47.84,2,33.33%,0,0,$0.00,0,0.00%,1,1,1,$47.84,$0.00,$0.00,$47.84,$0.00,$0.00,$47.84,$0.00,$47.84,$0.00,0.00%,0,0.00%,$0.00,0.00%,0,0.00%,$0.00,0.00%,0,0.00%,$0.00,0.00%,0,0.00%,$0.00,0.00%,$47.84,$2.99,$0.00,$0.00,$0.00,$0.00,0.00%,$0.00,0.00%,$0.00,0.00%,$2.99,6.25%,$44.85,93.75%
"DP2 V3(PP)","Stihl ZeroTurn Lawn Mower",1,1,100.00%,0,0.00%,1,1,100.00%,0,0.00%,1,0,$0.00,1,0.00%,0,0,$0.00,0,0.00%,0,0,0,$0.00,$0.00,$0.00,$0.00,$0.00,$0.00,$0.00,$0.00,$0.00,$0.00,0.00%,0,0.00%,$0.00,0.00%,0,0.00%,$0.00,0.00%,0,0.00%,$0.00,0.00%,0,0.00%,$0.00,0.00%,$0.00,$0.20,$0.00,$0.00,$0.00,$0.00,0.00%,$0.00,0.00%,$0.00,0.00%,$0.20,0.00%,$-0.20,0.00%
"DP22 V3","Benchmade Bugout Folding Knife",9,5,55.56%,4,44.44%,7,3,42.86%,4,57.14%,0,0,$0.00,0,0.00%,9,4,$191.36,5,44.44%,4,4,4,$191.36,$0.00,$0.00,$191.36,$0.00,$0.00,$191.36,$0.00,$191.36,$0.00,0.00%,0,0.00%,$0.00,0.00%,0,0.00%,$0.00,0.00%,0,0.00%,$0.00,0.00%,0,0.00%,$0.00,0.00%,$191.36,$10.96,$0.00,$0.00,$0.00,$0.00,0.00%,$0.00,0.00%,$0.00,0.00%,$10.96,5.73%,$180.40,94.27%
"DP22 V3","Chevrolet Custom Bench",4,2,50.00%,2,50.00%,3,1,33.33%,2,66.67%,0,0,$0.00,0,0.00%,4,2,$95.68,2,50.00%,2,2,2,$95.68,$0.00,$0.00,$95.68,$0.00,$0.00,$95.68,$0.00,$95.68,$0.00,0.00%,0,0.00%,$0.00,0.00%,0,0.00%,$0.00,0.00%,0,0.00%,$0.00,0.00%,0,0.00%,$0.00,0.00%,$95.68,$5.38,$0.00,$0.00,$0.00,$0.00,0.00%,$0.00,0.00%,$0.00,0.00%,$5.38,5.62%,$90.30,94.38%
"DP22 V3","Ryobi ZeroTurn Lawn Mower",2,2,100.00%,0,0.00%,1,1,100.00%,0,0.00%,0,0,$0.00,0,0.00%,2,0,$0.00,2,0.00%,0,0,0,$0.00,$0.00,$0.00,$0.00,$0.00,$0.00,$0.00,$0.00,$0.00,$0.00,0.00%,0,0.00%,$0.00,0.00%,0,0.00%,$0.00,0.00%,0,0.00%,$0.00,0.00%,0,0.00%,$0.00,0.00%,$0.00,$0.20,$0.00,$0.00,$0.00,$0.00,0.00%,$0.00,0.00%,$0.00,0.00%,$0.20,0.00%,$-0.20,0.00%
"DP22 V3","Stetson Cowboy Hat (Black)",44,28,63.64%,16,36.36%,33,17,51.52%,16,48.48%,0,0,$0.00,0,0.00%,44,16,$765.44,28,36.36%,16,16,16,$765.44,$0.00,$0.00,$765.44,$0.00,$0.00,$765.44,$0.00,$765.44,$0.00,0.00%,0,0.00%,$0.00,0.00%,0,0.00%,$0.00,0.00%,0,0.00%,$0.00,0.00%,0,0.00%,$0.00,0.00%,$765.44,$39.46,$0.00,$0.00,$0.00,$0.00,0.00%,$0.00,0.00%,$0.00,0.00%,$39.46,5.16%,$725.98,94.84%
"DP22 V3","Stetson Cowboy Hat (White)",11,10,90.91%,1,9.09%,7,6,85.71%,1,14.29%,0,0,$0.00,0,0.00%,11,1,$47.84,10,9.09%,1,1,1,$47.84,$0.00,$0.00,$47.84,$0.00,$0.00,$47.84,$0.00,$47.84,$0.00,0.00%,0,0.00%,$0.00,0.00%,0,0.00%,$0.00,0.00%,0,0.00%,$0.00,0.00%,0,0.00%,$0.00,0.00%,$47.84,$3.79,$0.00,$0.00,$0.00,$0.00,0.00%,$0.00,0.00%,$0.00,0.00%,$3.79,7.92%,$44.05,92.08%
"DP22 V3","Stetson Cowboy Hat Mocha",3,2,66.67%,1,33.33%,2,1,50.00%,1,50.00%,0,0,$0.00,0,0.00%,3,1,$47.84,2,33.33%,1,1,1,$47.84,$0.00,$0.00,$47.84,$0.00,$0.00,$47.84,$0.00,$47.84,$0.00,0.00%,0,0.00%,$0.00,0.00%,0,0.00%,$0.00,0.00%,0,0.00%,$0.00,0.00%,0,0.00%,$0.00,0.00%,$47.84,$2.79,$0.00,$0.00,$0.00,$0.00,0.00%,$0.00,0.00%,$0.00,0.00%,$2.79,5.83%,$45.05,94.17%
"DP22 V3","Toro Zero Turn Lawnmower",21,17,80.95%,4,19.05%,15,11,73.33%,4,26.67%,0,0,$0.00,0,0.00%,21,4,$191.36,17,19.05%,4,4,4,$191.36,$0.00,$0.00,$191.36,$0.00,$0.00,$191.36,$0.00,$191.36,$0.00,0.00%,0,0.00%,$0.00,0.00%,0,0.00%,$0.00,0.00%,0,0.00%,$0.00,0.00%,0,0.00%,$0.00,0.00%,$191.36,$11.96,$0.00,$0.00,$0.00,$0.00,0.00%,$0.00,0.00%,$0.00,0.00%,$11.96,6.25%,$179.40,93.75%
"DP22 V3","Vortex Rifle Scope",2,2,100.00%,0,0.00%,2,2,100.00%,0,0.00%,0,0,$0.00,0,0.00%,2,0,$0.00,2,0.00%,0,0,0,$0.00,$0.00,$0.00,$0.00,$0.00,$0.00,$0.00,$0.00,$0.00,$0.00,0.00%,0,0.00%,$0.00,0.00%,0,0.00%,$0.00,0.00%,0,0.00%,$0.00,0.00%,0,0.00%,$0.00,0.00%,$0.00,$0.00,$0.00,$0.00,$0.00,$0.00,0.00%,$0.00,0.00%,$0.00,0.00%,$0.00,0.00%,$0.00,0.00%
"DP22 V3(PP)","Bell Carbon Motorcycle Helmet",1,0,0.00%,1,100.00%,1,0,0.00%,1,100.00%,0,0,$0.00,0,0.00%,1,1,$47.84,0,100.00%,1,1,1,$47.84,$0.00,$0.00,$47.84,$0.00,$0.00,$47.84,$0.00,$47.84,$0.00,0.00%,0,0.00%,$0.00,0.00%,0,0.00%,$0.00,0.00%,0,0.00%,$0.00,0.00%,0,0.00%,$0.00,0.00%,$47.84,$2.59,$0.00,$0.00,$0.00,$0.00,0.00%,$0.00,0.00%,$0.00,0.00%,$2.59,5.41%,$45.25,94.59%
"DP22 V3(PP)","HJC Motorcycle Helmet",2,2,100.00%,0,0.00%,2,2,100.00%,0,0.00%,0,0,$0.00,0,0.00%,2,0,$0.00,2,0.00%,0,0,0,$0.00,$0.00,$0.00,$0.00,$0.00,$0.00,$0.00,$0.00,$0.00,$0.00,0.00%,0,0.00%,$0.00,0.00%,0,0.00%,$0.00,0.00%,0,0.00%,$0.00,0.00%,0,0.00%,$0.00,0.00%,$0.00,$0.40,$0.00,$0.00,$0.00,$0.00,0.00%,$0.00,0.00%,$0.00,0.00%,$0.40,0.00%,$-0.40,0.00%
"DP22 V3(PP)","Orvis Clearwater Fly Rod Outfit",1,0,0.00%,1,100.00%,1,0,0.00%,1,100.00%,0,0,$0.00,0,0.00%,1,1,$47.84,0,100.00%,1,1,1,$47.84,$0.00,$0.00,$47.84,$0.00,$0.00,$47.84,$0.00,$47.84,$0.00,0.00%,0,0.00%,$0.00,0.00%,0,0.00%,$0.00,0.00%,0,0.00%,$0.00,0.00%,0,0.00%,$0.00,0.00%,$47.84,$2.59,$0.00,$0.00,$0.00,$0.00,0.00%,$0.00,0.00%,$0.00,0.00%,$2.59,5.41%,$45.25,94.59%
"DP22 V3(PP)","St. Croix Freshwater Spinning Rod",1,0,0.00%,1,100.00%,1,0,0.00%,1,100.00%,0,0,$0.00,0,0.00%,1,1,$47.84,0,100.00%,1,1,1,$47.84,$0.00,$0.00,$47.84,$0.00,$0.00,$47.84,$0.00,$47.84,$0.00,0.00%,0,0.00%,$0.00,0.00%,0,0.00%,$0.00,0.00%,0,0.00%,$0.00,0.00%,0,0.00%,$0.00,0.00%,$47.84,$2.59,$0.00,$0.00,$0.00,$0.00,0.00%,$0.00,0.00%,$0.00,0.00%,$2.59,5.41%,$45.25,94.59%
"DP22 V3(PP)","Stihl ZeroTurn Lawn Mower",1,1,100.00%,0,0.00%,1,1,100.00%,0,0.00%,0,0,$0.00,0,0.00%,1,0,$0.00,1,0.00%,0,0,0,$0.00,$0.00,$0.00,$0.00,$0.00,$0.00,$0.00,$0.00,$0.00,$0.00,0.00%,0,0.00%,$0.00,0.00%,0,0.00%,$0.00,0.00%,0,0.00%,$0.00,0.00%,0,0.00%,$0.00,0.00%,$0.00,$0.20,$0.00,$0.00,$0.00,$0.00,0.00%,$0.00,0.00%,$0.00,0.00%,$0.20,0.00%,$-0.20,0.00%
"DP23 V3","Blackstone 36"" Original Griddle with Hood",4,3,75.00%,1,25.00%,4,3,75.00%,1,25.00%,0,0,$0.00,0,0.00%,4,1,$47.84,3,25.00%,1,1,1,$47.84,$0.00,$0.00,$47.84,$0.00,$0.00,$47.84,$0.00,$47.84,$0.00,0.00%,0,0.00%,$0.00,0.00%,0,0.00%,$0.00,0.00%,0,0.00%,$0.00,0.00%,0,0.00%,$0.00,0.00%,$47.84,$3.19,$0.00,$0.00,$0.00,$0.00,0.00%,$0.00,0.00%,$0.00,0.00%,$3.19,6.67%,$44.65,93.33%
"DP23 V3","Daytona Car Jack",1,1,100.00%,0,0.00%,1,1,100.00%,0,0.00%,0,0,$0.00,0,0.00%,1,0,$0.00,1,0.00%,0,0,0,$0.00,$0.00,$0.00,$0.00,$0.00,$0.00,$0.00,$0.00,$0.00,$0.00,0.00%,0,0.00%,$0.00,0.00%,0,0.00%,$0.00,0.00%,0,0.00%,$0.00,0.00%,0,0.00%,$0.00,0.00%,$0.00,$0.20,$0.00,$0.00,$0.00,$0.00,0.00%,$0.00,0.00%,$0.00,0.00%,$0.20,0.00%,$-0.20,0.00%
"DP23 V3","ERROR - NO PARAMETER",1,1,100.00%,0,0.00%,1,1,100.00%,0,0.00%,0,0,$0.00,0,0.00%,1,0,$0.00,1,0.00%,0,0,0,$0.00,$0.00,$0.00,$0.00,$0.00,$0.00,$0.00,$0.00,$0.00,$0.00,0.00%,0,0.00%,$0.00,0.00%,0,0.00%,$0.00,0.00%,0,0.00%,$0.00,0.00%,0,0.00%,$0.00,0.00%,$0.00,$0.20,$0.00,$0.00,$0.00,$0.00,0.00%,$0.00,0.00%,$0.00,0.00%,$0.20,0.00%,$-0.20,0.00%
"DP23 V3","Harley Davidson Motorcycle Jacket",2,2,100.00%,0,0.00%,2,2,100.00%,0,0.00%,0,0,$0.00,0,0.00%,2,0,$0.00,2,0.00%,0,0,0,$0.00,$0.00,$0.00,$0.00,$0.00,$0.00,$0.00,$0.00,$0.00,$0.00,0.00%,0,0.00%,$0.00,0.00%,0,0.00%,$0.00,0.00%,0,0.00%,$0.00,0.00%,0,0.00%,$0.00,0.00%,$0.00,$0.40,$0.00,$0.00,$0.00,$0.00,0.00%,$0.00,0.00%,$0.00,0.00%,$0.40,0.00%,$-0.40,0.00%
"DP23 V3","Shimano Spinning Reel",2,1,50.00%,1,50.00%,2,1,50.00%,1,50.00%,0,0,$0.00,0,0.00%,2,1,$47.84,1,50.00%,1,1,1,$47.84,$0.00,$0.00,$47.84,$0.00,$0.00,$47.84,$0.00,$47.84,$0.00,0.00%,0,0.00%,$0.00,0.00%,0,0.00%,$0.00,0.00%,0,0.00%,$0.00,0.00%,0,0.00%,$0.00,0.00%,$47.84,$2.79,$0.00,$0.00,$0.00,$0.00,0.00%,$0.00,0.00%,$0.00,0.00%,$2.79,5.83%,$45.05,94.17%
"DP23 V3","Star Wars Cooler + Pepsi Cans",1,1,100.00%,0,0.00%,1,1,100.00%,0,0.00%,0,0,$0.00,0,0.00%,1,0,$0.00,1,0.00%,0,0,0,$0.00,$0.00,$0.00,$0.00,$0.00,$0.00,$0.00,$0.00,$0.00,$0.00,0.00%,0,0.00%,$0.00,0.00%,0,0.00%,$0.00,0.00%,0,0.00%,$0.00,0.00%,0,0.00%,$0.00,0.00%,$0.00,$0.20,$0.00,$0.00,$0.00,$0.00,0.00%,$0.00,0.00%,$0.00,0.00%,$0.20,0.00%,$-0.20,0.00%
