Details,Posting Date,Description,Amount,Type,Balance,Check or Slip #
DEBIT,6/24/2025,ORIG CO NAME:MERCHANT ACCOUNT CO ENTRY DESCR:MERCH CHBK SEC:CCD IND ID:934600000133488 ORIG ID:1464751891,-47.84,ACH_DEBIT, ,
DEBIT,6/24/2025,ORIG CO NAME:MERCHANT ACCOUNT CO ENTRY DESCR:MERCH CHBK SEC:CCD IND ID:934600000133470 ORIG ID:1464751891,-47.84,ACH_DEBIT, ,
DEBIT,6/24/2025,ORIG CO NAME:MERCHANT ACCOUNT CO ENTRY DESCR:MERCH CHBK SEC:CCD IND ID:934600000133470 ORIG ID:1464751891,-47.84,ACH_DEBIT, ,
DEBIT,6/24/2025,ORIG CO NAME:MERCHANT ACCOUNT CO ENTRY DESCR:MERCH CHBK SEC:CCD IND ID:934600000133454 ORIG ID:1464751891,-98.89,ACH_DEBIT, ,
DEBIT,6/24/2025,ORIG CO NAME:MERCHANT ACCOUNT CO ENTRY DESCR:MERCH CHBK SEC:CCD IND ID:934600000133454 ORIG ID:1464751891,-98.89,ACH_DEBIT, ,
DEBIT,6/24/2025,ORIG CO NAME:GATEWAY SERVICES CO ENTRY DESCR:WEBPAYMENT SEC:WEB IND ID:                ORIG ID:4460522024,-65,ACH_DEBIT, ,
DEBIT,6/24/2025,ORIG CO NAME:GATEWAY SERVICES CO ENTRY DESCR:WEBPAYMENT SEC:WEB IND ID:                ORIG ID:4460522024,-54.42,ACH_DEBIT, ,
DEBIT,6/24/2025,ORIG CO NAME:GATEWAY SERVICES CO ENTRY DESCR:WEBPAYMENT SEC:WEB IND ID:                ORIG ID:4460522024,-68,ACH_DEBIT, ,
DEBIT,6/24/2025,ORIG CO NAME:GATEWAY SERVICES CO ENTRY DESCR:WEBPAYMENT SEC:WEB IND ID:                ORIG ID:4460522024,-67.6,ACH_DEBIT, ,
DEBIT,6/24/2025,ORIG CO NAME:MERCHANT SERVICE CO ENTRY DESCR:MERCH CHBK SEC:CCD IND ID:180991582295780 ORIG ID:9180404955,-47.84,ACH_DEBIT, ,
DEBIT,6/24/2025,ORIG CO NAME:MERCHANT SERVICE CO ENTRY DESCR:MERCH CHBK SEC:CCD IND ID:180991582295780 ORIG ID:9180404955,-12.89,ACH_DEBIT, ,
DEBIT,6/24/2025,ORIG CO NAME:MERCHANT SERVICE CO ENTRY DESCR:MERCH CHBK SEC:CCD IND ID:180412362295798 ORIG ID:9180404955,-12.89,ACH_DEBIT, ,
DEBIT,6/24/2025,ORIG CO NAME:MERCHANT SERVICE CO ENTRY DESCR:MERCH CHBK SEC:CCD IND ID:180412362295798 ORIG ID:9180404955,-98.89,ACH_DEBIT, ,
DEBIT,6/24/2025,ORIG CO NAME:MERCHANT SERVICE CO ENTRY DESCR:MERCH CHBK SEC:CCD IND ID:180412362295798 ORIG ID:9180404955,-18.95,ACH_DEBIT, ,
DEBIT,6/24/2025,ORIG CO NAME:BANKCARD DEP     CO ENTRY DESCR:MERCH CHBK SEC:CCD IND ID:739740872762051 ORIG ID:203050521,-12.89,ACH_DEBIT, ,
DEBIT,6/24/2025,ORIG CO NAME:MERCH SERV       CO ENTRY DESCR:MERCH CHBK SEC:CCD IND ID:620316740163899 ORIG ID:7620404068,-18.95,ACH_DEBIT, ,
DEBIT,6/24/2025,ORIG CO NAME:MERCH SERV       CO ENTRY DESCR:MERCH CHBK SEC:CCD IND ID:620316740163899 ORIG ID:7620404068,-98.89,ACH_DEBIT, ,
DEBIT,6/24/2025,ORIG CO NAME:MERCH SERV       CO ENTRY DESCR:MERCH CHBK SEC:CCD IND ID:620316740163899 ORIG ID:7620404068,-12.89,ACH_DEBIT, ,
DEBIT,6/24/2025,ORIG CO NAME:MERCH SERV       CO ENTRY DESCR:PPM FEES S SEC:CCD IND ID:620316740163899 ORIG ID:7620404068,-105,ACH_DEBIT, ,
CREDIT,6/24/2025,ORIG CO NAME:BANKCARD         CO ENTRY DESCR:MTOT DEP   SEC:CCD IND ID:422899490016884 ORIG ID:6895422899,32.51,ACH_CREDIT, ,
CREDIT,6/24/2025,ORIG CO NAME:MERCHANT SERVICE CO ENTRY DESCR:MERCH DEP  SEC:CCD IND ID:180402792300499 ORIG ID:9180404955,69.2,ACH_CREDIT, ,
CREDIT,6/24/2025,ORIG CO NAME:MERCHANT SERVICE CO ENTRY DESCR:MERCH DEP  SEC:CCD IND ID:180591502297570 ORIG ID:9180404955,187.92,ACH_CREDIT, ,
CREDIT,6/24/2025,ORIG CO NAME:MERCH SERV       CO ENTRY DESCR:MERCH DEP  SEC:CCD IND ID:620316740163899 ORIG ID:7620404068,276.9,ACH_CREDIT, ,
CREDIT,6/24/2025,ORIG CO NAME:MERCHANT SERVICE CO ENTRY DESCR:MERCH DEP  SEC:CCD IND ID:180412362295798 ORIG ID:9180404955,332.78,ACH_CREDIT, ,
CREDIT,6/24/2025,ORIG CO NAME:MERCHANT SERVICE CO ENTRY DESCR:MERCH DEP  SEC:CCD IND ID:180991582295780 ORIG ID:9180404955,388.46,ACH_CREDIT, ,
CREDIT,6/24/2025,ORIG CO NAME:MERCH SERV       CO ENTRY DESCR:MERCH DEP  SEC:CCD IND ID:620411880163881 ORIG ID:7620404068,451.4,ACH_CREDIT, ,
CREDIT,6/24/2025,ORIG CO NAME:BANKCARD DEP     CO ENTRY DESCR:MERCH DEP  SEC:CCD IND ID:739768915392323 ORIG ID:203050521,474.41,ACH_CREDIT, ,
CREDIT,6/24/2025,ORIG CO NAME:BANKCARD DEP     CO ENTRY DESCR:MERCH DEP  SEC:CCD IND ID:739732218289068 ORIG ID:203050521,843.96,ACH_CREDIT, ,
CREDIT,6/24/2025,ORIG CO NAME:BANKCARD DEP     CO ENTRY DESCR:MERCH DEP  SEC:CCD IND ID:739740872762051 ORIG ID:203050521,983.83,ACH_CREDIT, ,
,,,,,,
,,,,,,
,,,,,,
,,,,,,
,,,,,,
,,,,,,
,,,,,,
,,,,,,
,,,,,,
,,,,,,
,,,,,,
,,,,,,
,,,,,,
,,,,,,
,,,,,,
,,,,,,
,,,,,,
,,,,,,
,,,,,,
,,,,,,
,,,,,,
,,,,,,
,,,,,,
,,,,,,
,,,,,,
,,,,,,
,,,,,,
,,,,,,
,,,,,,
,,,,,,
,,,,,,
,,,,,,
,,,,,,
,,,,,,
,,,,,,
,,,,,,
,,,,,,
,,,,,,
,,,,,,
,,,,,,
,,,,,,
,,,,,,
,,,,,,
,,,,,,
,,,,,,
,,,,,,
,,,,,,
,,,,,,
