Details,Posting Date,Description,Amount,Type,Balance,Check or Slip #
DEBIT,6/24/2025,ORIG CO NAME:MERCHANT ACCOUNT CO ENTRY DESCR:MERCH CHBK SEC:CCD IND ID:934600000135293 ORIG ID:1464751891,-47.84,ACH_DEBIT, ,
DEBIT,6/24/2025,ORIG CO NAME:MERCHANT ACCOUNT CO ENTRY DESCR:MERCH CHBK SEC:CCD IND ID:934600000135293 ORIG ID:1464751891,-47.84,ACH_DEBIT, ,
DEBIT,6/24/2025,ORIG CO NAME:MERCHANT ACCOUNT CO ENTRY DESCR:MERCH CHBK SEC:CCD IND ID:934600000134874 ORIG ID:1464751891,-47.84,ACH_DEBIT, ,
DEBIT,6/24/2025,ORIG CO NAME:MERCHANT ACCOUNT CO ENTRY DESCR:MERCH CHBK SEC:CCD IND ID:934600000134874 ORIG ID:1464751891,-12.89,ACH_DEBIT, ,
DEBIT,6/24/2025,ORIG CO NAME:MERCHANT ACCOUNT CO ENTRY DESCR:MERCH CHBK SEC:CCD IND ID:934600000134874 ORIG ID:1464751891,-12.89,ACH_DEBIT, ,
DEBIT,6/24/2025,ORIG CO NAME:MERCHANT ACCOUNT CO ENTRY DESCR:MERCH CHBK SEC:CCD IND ID:934600000134866 ORIG ID:1464751891,-12.89,ACH_DEBIT, ,
DEBIT,6/24/2025,ORIG CO NAME:MERCHANT ACCOUNT CO ENTRY DESCR:MERCH DEP  SEC:CCD IND ID:934600000135293 ORIG ID:1464751891,-48.12,ACH_DEBIT, ,
DEBIT,6/24/2025,ORIG CO NAME:MERCHANT ACCOUNT CO ENTRY DESCR:PPM FEES S SEC:CCD IND ID:934600000134890 ORIG ID:1464751891,-0.29,ACH_DEBIT, ,
DEBIT,6/24/2025,ORIG CO NAME:PAYARC           CO ENTRY DESCR:CR CD CHBK SEC:CCD IND ID:567000000867606 ORIG ID:5670494381,-98.89,ACH_DEBIT, ,
DEBIT,6/24/2025,ORIG CO NAME:PAYARC           CO ENTRY DESCR:CR CD CHBK SEC:CCD IND ID:567000000867606 ORIG ID:5670494381,-47.84,ACH_DEBIT, ,
DEBIT,6/24/2025,ORIG CO NAME:MERCHANT SERVICE CO ENTRY DESCR:MERCH DEP  SEC:CCD IND ID:180842362299550 ORIG ID:9180404955,-29.4,ACH_DEBIT, ,
DEBIT,6/24/2025,ORIG CO NAME:MERCH SERV       CO ENTRY DESCR:MERCH CHBK SEC:CCD IND ID:620777270165100 ORIG ID:7620404068,-98.89,ACH_DEBIT, ,
DEBIT,6/24/2025,ORIG CO NAME:MERCH SERV       CO ENTRY DESCR:MERCH CHBK SEC:CCD IND ID:620275580165126 ORIG ID:7620404068,-47.84,ACH_DEBIT, ,
DEBIT,6/24/2025,ORIG CO NAME:MERCH SERV       CO ENTRY DESCR:MERCH CHBK SEC:CCD IND ID:620275580165126 ORIG ID:7620404068,-98.89,ACH_DEBIT, ,
DEBIT,6/24/2025,ORIG CO NAME:MERCH SERV       CO ENTRY DESCR:PPM FEES S SEC:CCD IND ID:620777270165100 ORIG ID:7620404068,-30,ACH_DEBIT, ,
DEBIT,6/24/2025,ORIG CO NAME:MERCH SERV       CO ENTRY DESCR:PPM FEES S SEC:CCD IND ID:620275580165126 ORIG ID:7620404068,-60,ACH_DEBIT, ,
DEBIT,6/24/2025,ORIG CO NAME:GATEWAY SERVICES CO ENTRY DESCR:WEBPAYMENT SEC:WEB IND ID:                ORIG ID:4460522024,-72.8,ACH_DEBIT, ,
DEBIT,6/24/2025,ORIG CO NAME:MERCHANT SERVICE CO ENTRY DESCR:MERCH CHBK SEC:CCD IND ID:180842362299550 ORIG ID:9180404955,-98.89,ACH_DEBIT, ,
DEBIT,6/24/2025,ORIG CO NAME:MERCHANT SERVICE CO ENTRY DESCR:MERCH CHBK SEC:CCD IND ID:180771112299345 ORIG ID:9180404955,-12.89,ACH_DEBIT, ,
DEBIT,6/24/2025,ORIG CO NAME:MERCHANT SERVICE CO ENTRY DESCR:MERCH CHBK SEC:CCD IND ID:180771112299345 ORIG ID:9180404955,-98.89,ACH_DEBIT, ,
DEBIT,6/24/2025,ORIG CO NAME:MERCHANT SERVICE CO ENTRY DESCR:MERCH CHBK SEC:CCD IND ID:180771112299345 ORIG ID:9180404955,-18.95,ACH_DEBIT, ,
DEBIT,6/24/2025,ORIG CO NAME:MERCHANT SERVICE CO ENTRY DESCR:MERCH CHBK SEC:CCD IND ID:180376072299352 ORIG ID:9180404955,-12.89,ACH_DEBIT, ,
DEBIT,6/24/2025,ORIG CO NAME:MERCHANT SERVICE CO ENTRY DESCR:MERCH CHBK SEC:CCD IND ID:180242662299337 ORIG ID:9180404955,-98.89,ACH_DEBIT, ,
DEBIT,6/24/2025,ORIG CO NAME:MERCHANT SERVICE CO ENTRY DESCR:MERCH CHBK SEC:CCD IND ID:180242662299337 ORIG ID:9180404955,-98.89,ACH_DEBIT, ,
DEBIT,6/24/2025,ORIG CO NAME:MERCHANT SERVICE CO ENTRY DESCR:MERCH CHBK SEC:CCD IND ID:180242662299337 ORIG ID:9180404955,-98.89,ACH_DEBIT, ,
DEBIT,6/24/2025,ORIG CO NAME:MERCHANT SERVICE CO ENTRY DESCR:MERCH CHBK SEC:CCD IND ID:180242662299337 ORIG ID:9180404955,-12.89,ACH_DEBIT, ,
DEBIT,6/24/2025,ORIG CO NAME:GATEWAY SERVICES CO ENTRY DESCR:WEBPAYMENT SEC:WEB IND ID:                ORIG ID:4460522024,-73.2,ACH_DEBIT, ,
DEBIT,6/24/2025,ORIG CO NAME:GATEWAY SERVICES CO ENTRY DESCR:WEBPAYMENT SEC:WEB IND ID:                ORIG ID:4460522024,-66.2,ACH_DEBIT, ,
CREDIT,6/24/2025,ORIG CO NAME:BANKCARD         CO ENTRY DESCR:MTOT DEP   SEC:CCD IND ID:422899490016860 ORIG ID:6895422899,63.71,ACH_CREDIT, ,
CREDIT,6/24/2025,ORIG CO NAME:MERCH SERV       CO ENTRY DESCR:MERCH DEP  SEC:CCD IND ID:620275580165126 ORIG ID:7620404068,92.03,ACH_CREDIT, ,
CREDIT,6/24/2025,ORIG CO NAME:BANKCARD         CO ENTRY DESCR:MTOT DEP   SEC:CCD IND ID:422899490016887 ORIG ID:6895422899,166.97,ACH_CREDIT, ,
CREDIT,6/24/2025,ORIG CO NAME:MERCHANT SERVICE CO ENTRY DESCR:MERCH DEP  SEC:CCD IND ID:180242662299337 ORIG ID:9180404955,236.34,ACH_CREDIT, ,
CREDIT,6/24/2025,ORIG CO NAME:MERCHANT SERVICE CO ENTRY DESCR:MERCH DEP  SEC:CCD IND ID:180771112299345 ORIG ID:9180404955,315.63,ACH_CREDIT, ,
CREDIT,6/24/2025,ORIG CO NAME:MERCHANT SERVICE CO ENTRY DESCR:MERCH DEP  SEC:CCD IND ID:180376072299352 ORIG ID:9180404955,362.42,ACH_CREDIT, ,
CREDIT,6/24/2025,ORIG CO NAME:BANKCARD DEP     CO ENTRY DESCR:MERCH DEP  SEC:CCD IND ID:739733433570921 ORIG ID:203050521,432.29,ACH_CREDIT, ,
CREDIT,6/24/2025,ORIG CO NAME:MERCH SERV       CO ENTRY DESCR:MERCH DEP  SEC:CCD IND ID:620777270165100 ORIG ID:7620404068,488.38,ACH_CREDIT, ,
CREDIT,6/24/2025,ORIG CO NAME:BANKCARD DEP     CO ENTRY DESCR:MERCH DEP  SEC:CCD IND ID:739713776353847 ORIG ID:203050521,567.51,ACH_CREDIT, ,
CREDIT,6/24/2025,ORIG CO NAME:BANKCARD DEP     CO ENTRY DESCR:MERCH DEP  SEC:CCD IND ID:739767572302940 ORIG ID:203050521,745.63,ACH_CREDIT, ,
,,,,,,
,,,,,,
,,,,,,
,,,,,,
,,,,,,
,,,,,,
,,,,,,
,,,,,,
,,,,,,
,,,,,,
,,,,,,
,,,,,,
,,,,,,
,,,,,,
,,,,,,
,,,,,,
,,,,,,
,,,,,,
,,,,,,
,,,,,,
,,,,,,
,,,,,,
,,,,,,
,,,,,,
,,,,,,
,,,,,,
,,,,,,
,,,,,,
,,,,,,
,,,,,,
,,,,,,
,,,,,,
,,,,,,
,,,,,,
,,,,,,
,,,,,,
,,,,,,
,,,,,,
,,,,,,
,,,,,,
,,,,,,
,,,,,,
,,,,,,
,,,,,,
,,,,,,
,,,,,,
,,,,,,
,,,,,,
