Description,,Summary Amt.,
Beginning balance as of 06/23/2025,,27104.63,
Total credits,,5312.77,
Total debits,,-380.25,
Ending balance as of 06/24/2025,,32037.15,
,,,
Date,Description,Amount,Running Bal.
6/23/2025,Beginning balance as of 06/23/2025,,27104.63
6/23/2025,PAYARC DES:TP RES REL ID:567000000870345 INDN:BOUNDLESSFUNTOYSUNIVER CO ID:5670494381 CCD,567.26,27671.89
6/23/2025,MERCHANT SERVICE DES:MERCH DEP ID:180674002303949 INDN:GLOWRADIANCESKINCAREES CO ID:9180404955 CCD,424.66,28096.55
6/23/2025,PAYARC DES:TP RES REL ID:567000000870352 INDN:ALLINCLUSIVEMEDICALSUP CO ID:5670494381 CCD,420.82,28517.37
6/23/2025,MERCHANT SERVICE DES:MERCH DEP ID:180619392303972 INDN:SUPERIORGENERICGOODSMA CO ID:9180404955 CCD,394.61,28911.98
6/23/2025,BANKCARD DEP DES:MERCH DEP ID:739788746585208 INDN:COMPLETEDOGCAREESSENTI CO ID:203050521 CCD,348.21,29260.19
6/23/2025,MERCHANT SERVICE DES:MERCH DEP ID:180619392303972 INDN:SUPERIORGENERICGOODSMA CO ID:9180404955 CCD,340.65,29600.84
6/23/2025,PAYARC DES:TP RES REL ID:567000000870352 INDN:ALLINCLUSIVEMEDICALSUP CO ID:5670494381 CCD,337.29,29938.13
6/23/2025,BANKCARD DES:MTOT DEP ID:422899490017267 INDN:DIVERSE GENERIC PRODUC CO ID:6895422899 CCD,322.37,30260.5
6/23/2025,BANKCARD DEP DES:MERCH DEP ID:739729764950577 INDN:ENDLESSADVENTURETOYSDE CO ID:203050521 CCD,295.02,30555.52
6/23/2025,MERCHANT SERVICE DES:MERCH DEP ID:180142512303931 INDN:ULTIMATENUTRAHEALTHSTO CO ID:9180404955 CCD,236.52,30792.04
6/23/2025,MERCHANT SERVICE DES:MERCH DEP ID:180142512303931 INDN:ULTIMATENUTRAHEALTHSTO CO ID:9180404955 CCD,195.2,30987.24
6/23/2025,PAYARC DES:TP RES REL ID:567000000870345 INDN:BOUNDLESSFUNTOYSUNIVER CO ID:5670494381 CCD,185.38,31172.62
6/23/2025,MERCHANT SERVICE DES:MERCH DEP ID:180142512303931 INDN:ULTIMATENUTRAHEALTHSTO CO ID:9180404955 CCD,183.51,31356.13
6/23/2025,MERCHANT SERVICE DES:MERCH DEP ID:180619392303972 INDN:SUPERIORGENERICGOODSMA CO ID:9180404955 CCD,183.18,31539.31
6/23/2025,PAYARC DES:TP RES REL ID:567000000870352 INDN:ALLINCLUSIVEMEDICALSUP CO ID:5670494381 CCD,161.86,31701.17
6/23/2025,PAYARC DES:CR CD DEP ID:567000000870352 INDN:ALLINCLUSIVEMEDICALSUP CO ID:5670494381 CCD,146.77,31847.94
6/23/2025,BANKCARD DES:MTOT DEP ID:422899490017267 INDN:DIVERSE GENERIC PRODUC CO ID:6895422899 CCD,89.86,31937.8
6/23/2025,PAYARC DES:CR CD DEP ID:567000000870345 INDN:BOUNDLESSFUNTOYSUNIVER CO ID:5670494381 CCD,86.75,32024.55
6/23/2025,MERCHANT SERVICE DES:MERCH DEP ID:180674002303949 INDN:GLOWRADIANCESKINCAREES CO ID:9180404955 CCD,76.44,32100.99
6/23/2025,MERCHANT SERVICE DES:MERCH DEP ID:180668612303998 INDN:INFINITEEBOOKKNOWLEDGE CO ID:9180404955 CCD,68.45,32169.44
6/23/2025,MERCHANT SERVICE DES:MERCH DEP ID:180668612303998 INDN:INFINITEEBOOKKNOWLEDGE CO ID:9180404955 CCD,57.71,32227.15
6/23/2025,BANKCARD DES:MTOT DEP ID:422899490017268 INDN:INNOVATIVE PLAYTIME TO CO ID:6895422899 CCD,43.34,32270.49
6/23/2025,MERCHANT SERVICE DES:MERCH DEP ID:180674002303949 INDN:GLOWRADIANCESKINCAREES CO ID:9180404955 CCD,41.76,32312.25
6/23/2025,BANKCARD DES:MTOT DEP ID:422899490017268 INDN:INNOVATIVE PLAYTIME TO CO ID:6895422899 CCD,32.51,32344.76
6/23/2025,BANKCARD DEP DES:MERCH DEP ID:739764429769568 INDN:TOTALCAREMEDICALSOLUTI CO ID:203050521 CCD,30.93,32375.69
6/23/2025,MERCHANT SERVICE DES:MERCH DEP ID:180668612303998 INDN:INFINITEEBOOKKNOWLEDGE CO ID:9180404955 CCD,29.67,32405.36
6/23/2025,PAYARC DES:TP RES REL ID:567000000870345 INDN:BOUNDLESSFUNTOYSUNIVER CO ID:5670494381 CCD,12.04,32417.4
6/23/2025,PAYARC DES:CR CD DEP ID:567000000870352 INDN:ALLINCLUSIVEMEDICALSUP CO ID:5670494381 CCD,-146.77,32270.63
6/23/2025,PAYARC DES:CR CD CHBK ID:567000000870345 INDN:BOUNDLESSFUNTOYSUNIVER CO ID:5670494381 CCD,-98.89,32171.74
6/23/2025,PAYARC DES:CR CD DEP ID:567000000870345 INDN:BOUNDLESSFUNTOYSUNIVER CO ID:5670494381 CCD,-86.75,32084.99
6/23/2025,PAYARC DES:CR CD CHBK ID:567000000870352 INDN:ALLINCLUSIVEMEDICALSUP CO ID:5670494381 CCD,-47.84,32037.15
