Details,Posting Date,Description,Amount,Type,Balance,Check or Slip #
DEBIT,6/24/2025,ORIG CO NAME:MERCHANT ACCOUNT CO ENTRY DESCR:MERCH CHBK SEC:CCD IND ID:934600000134767 ORIG ID:1464751891,-98.89,ACH_DEBIT, ,
DEBIT,6/24/2025,ORIG CO NAME:MERCHANT ACCOUNT CO ENTRY DESCR:MERCH CHBK SEC:CCD IND ID:934600000132902 ORIG ID:1464751891,-98.89,ACH_DEBIT, ,
DEBIT,6/24/2025,ORIG CO NAME:MERCHANT ACCOUNT CO ENTRY DESCR:MERCH CHBK SEC:CCD IND ID:934600000132902 ORIG ID:1464751891,-98.89,ACH_DEBIT, ,
DEBIT,6/24/2025,ORIG CO NAME:PAYARC           CO ENTRY DESCR:CR CD CHBK SEC:CCD IND ID:567000000873455 ORIG ID:5670494381,-18.95,ACH_DEBIT, ,
DEBIT,6/24/2025,ORIG CO NAME:PAYARC           CO ENTRY DESCR:CR CD CHBK SEC:CCD IND ID:567000000859181 ORIG ID:5670494381,-98.89,ACH_DEBIT, ,
DEBIT,6/24/2025,ORIG CO NAME:MERCH SERV       CO ENTRY DESCR:MERCH CHBK SEC:CCD IND ID:620306740163709 ORIG ID:7620404068,-98.89,ACH_DEBIT, ,
DEBIT,6/24/2025,ORIG CO NAME:MERCH SERV       CO ENTRY DESCR:MERCH CHBK SEC:CCD IND ID:620306740163709 ORIG ID:7620404068,-98.89,ACH_DEBIT, ,
DEBIT,6/24/2025,ORIG CO NAME:MERCH SERV       CO ENTRY DESCR:MERCH CHBK SEC:CCD IND ID:620306740163709 ORIG ID:7620404068,-98.89,ACH_DEBIT, ,
DEBIT,6/24/2025,ORIG CO NAME:GATEWAY SERVICES CO ENTRY DESCR:WEBPAYMENT SEC:WEB IND ID:                ORIG ID:4460522024,-55.8,ACH_DEBIT, ,
DEBIT,6/24/2025,ORIG CO NAME:GATEWAY SERVICES CO ENTRY DESCR:WEBPAYMENT SEC:WEB IND ID:                ORIG ID:4460522024,-61.65,ACH_DEBIT, ,
DEBIT,6/24/2025,ORIG CO NAME:MERCHANT SERVICE CO ENTRY DESCR:MERCH CHBK SEC:CCD IND ID:180941172288819 ORIG ID:9180404955,-47.84,ACH_DEBIT, ,
DEBIT,6/24/2025,ORIG CO NAME:MERCHANT SERVICE CO ENTRY DESCR:MERCH CHBK SEC:CCD IND ID:180941172288819 ORIG ID:9180404955,-98.89,ACH_DEBIT, ,
DEBIT,6/24/2025,ORIG CO NAME:MERCHANT SERVICE CO ENTRY DESCR:MERCH CHBK SEC:CCD IND ID:180941172288819 ORIG ID:9180404955,-47.84,ACH_DEBIT, ,
DEBIT,6/24/2025,ORIG CO NAME:MERCHANT SERVICE CO ENTRY DESCR:MERCH CHBK SEC:CCD IND ID:180454822288918 ORIG ID:9180404955,-47.84,ACH_DEBIT, ,
DEBIT,6/24/2025,ORIG CO NAME:MERCHANT SERVICE CO ENTRY DESCR:MERCH CHBK SEC:CCD IND ID:180363862288843 ORIG ID:9180404955,-12.89,ACH_DEBIT, ,
DEBIT,6/24/2025,ORIG CO NAME:MERCHANT SERVICE CO ENTRY DESCR:MERCH CHBK SEC:CCD IND ID:180363862288843 ORIG ID:9180404955,-12.89,ACH_DEBIT, ,
DEBIT,6/24/2025,ORIG CO NAME:MERCHANT SERVICE CO ENTRY DESCR:MERCH CHBK SEC:CCD IND ID:180363862288843 ORIG ID:9180404955,-12.89,ACH_DEBIT, ,
DEBIT,6/24/2025,ORIG CO NAME:MERCHANT SERVICE CO ENTRY DESCR:MERCH CHBK SEC:CCD IND ID:180363862288843 ORIG ID:9180404955,-12.89,ACH_DEBIT, ,
DEBIT,6/24/2025,ORIG CO NAME:MERCHANT SERVICE CO ENTRY DESCR:MERCH CHBK SEC:CCD IND ID:180363862288843 ORIG ID:9180404955,-47.84,ACH_DEBIT, ,
DEBIT,6/24/2025,ORIG CO NAME:MERCHANT SERVICE CO ENTRY DESCR:MERCH CHBK SEC:CCD IND ID:180363862288843 ORIG ID:9180404955,-12.89,ACH_DEBIT, ,
DEBIT,6/24/2025,ORIG CO NAME:MERCHANT SERVICE CO ENTRY DESCR:MERCH CHBK SEC:CCD IND ID:180363862288843 ORIG ID:9180404955,-12.89,ACH_DEBIT, ,
DEBIT,6/24/2025,ORIG CO NAME:MERCHANT SERVICE CO ENTRY DESCR:MERCH CHBK SEC:CCD IND ID:180363862288843 ORIG ID:9180404955,-47.84,ACH_DEBIT, ,
DEBIT,6/24/2025,ORIG CO NAME:BANKCRD          CO ENTRY DESCR:CHARGEBACK SEC:CCD IND ID:316230133044247 ORIG ID:465382828,-398.51,ACH_DEBIT, ,
DEBIT,6/24/2025,ORIG CO NAME:BANKCRD          CO ENTRY DESCR:CHARGEBACK SEC:CCD IND ID:316058352030807 ORIG ID:465382828,-133.89,ACH_DEBIT, ,
DEBIT,6/24/2025,ORIG CO NAME:BANKCRD          CO ENTRY DESCR:MERCH DEP  SEC:CCD IND ID:316230133044247 ORIG ID:465382828,-166.86,ACH_DEBIT, ,
DEBIT,6/24/2025,ORIG CO NAME:BANKCRD          CO ENTRY DESCR:MERCH DEP  SEC:CCD IND ID:316058352030807 ORIG ID:465382828,-122.69,ACH_DEBIT, ,
DEBIT,6/24/2025,ORIG CO NAME:BANKCRD          CO ENTRY DESCR:MERCH DEP  SEC:CCD IND ID:316020841246139 ORIG ID:465382828,-18.05,ACH_DEBIT, ,
CREDIT,6/24/2025,ORIG CO NAME:MERCHANT SERVICE CO ENTRY DESCR:MERCH DEP  SEC:CCD IND ID:180621072288884 ORIG ID:9180404955,62,ACH_CREDIT, ,
CREDIT,6/24/2025,ORIG CO NAME:MERCHANT SERVICE CO ENTRY DESCR:MERCH DEP  SEC:CCD IND ID:180941172288819 ORIG ID:9180404955,65.14,ACH_CREDIT, ,
CREDIT,6/24/2025,ORIG CO NAME:BANKCRD          CO ENTRY DESCR:CR CD DEP  SEC:CCD IND ID:316020841246139 ORIG ID:465382828,84.13,ACH_CREDIT, ,
CREDIT,6/24/2025,ORIG CO NAME:MERCHANT SERVICE CO ENTRY DESCR:MERCH DEP  SEC:CCD IND ID:180363862288843 ORIG ID:9180404955,95.52,ACH_CREDIT, ,
CREDIT,6/24/2025,ORIG CO NAME:BANKCARD DEP     CO ENTRY DESCR:MERCH DEP  SEC:CCD IND ID:739744451333238 ORIG ID:203050521,147.48,ACH_CREDIT, ,
CREDIT,6/24/2025,ORIG CO NAME:BANKCARD         CO ENTRY DESCR:MTOT DEP   SEC:CCD IND ID:422899490016885 ORIG ID:6895422899,156.78,ACH_CREDIT, ,
CREDIT,6/24/2025,ORIG CO NAME:MERCHANT SERVICE CO ENTRY DESCR:MERCH DEP  SEC:CCD IND ID:180454822288918 ORIG ID:9180404955,293.35,ACH_CREDIT, ,
CREDIT,6/24/2025,ORIG CO NAME:BANKCARD DEP     CO ENTRY DESCR:MERCH DEP  SEC:CCD IND ID:739780712387274 ORIG ID:203050521,593.44,ACH_CREDIT, ,
CREDIT,6/24/2025,ORIG CO NAME:BANKCARD DEP     CO ENTRY DESCR:MERCH DEP  SEC:CCD IND ID:739724272527577 ORIG ID:203050521,722.77,ACH_CREDIT, ,
CREDIT,6/24/2025,ORIG CO NAME:BANKCRD          CO ENTRY DESCR:CR CD DEP  SEC:CCD IND ID:316058352030807 ORIG ID:465382828,915.91,ACH_CREDIT, ,
CREDIT,6/24/2025,ORIG CO NAME:BANKCRD          CO ENTRY DESCR:CR CD DEP  SEC:CCD IND ID:316230133044247 ORIG ID:465382828,1459.94,ACH_CREDIT, ,
,,,,,,
,,,,,,
,,,,,,
,,,,,,
,,,,,,
,,,,,,
,,,,,,
,,,,,,
,,,,,,
,,,,,,
,,,,,,
,,,,,,
,,,,,,
,,,,,,
,,,,,,
,,,,,,
,,,,,,
,,,,,,
,,,,,,
,,,,,,
,,,,,,
,,,,,,
,,,,,,
,,,,,,
,,,,,,
,,,,,,
,,,,,,
,,,,,,
,,,,,,
,,,,,,
,,,,,,
,,,,,,
,,,,,,
,,,,,,
,,,,,,
,,,,,,
,,,,,,
,,,,,,
,,,,,,
,,,,,,
,,,,,,
,,,,,,
,,,,,,
,,,,,,
,,,,,,
,,,,,,
,,,,,,
,,,,,,
,,,,,,
,,,,,,
,,,,,,
,,,,,,
