Details,Posting Date,Description,Amount,Type,Balance,Check or Slip #
DEBIT,6/24/2025,ORIG CO NAME:MERCHANT ACCOUNT CO ENTRY DESCR:MERCH CHBK SEC:CCD IND ID:934600000133371 ORIG ID:1464751891,-18.95,ACH_DEBIT, ,
DEBIT,6/24/2025,ORIG CO NAME:MERCHANT ACCOUNT CO ENTRY DESCR:MERCH CHBK SEC:CCD IND ID:934600000133363 ORIG ID:1464751891,-98.89,ACH_DEBIT, ,
DEBIT,6/24/2025,ORIG CO NAME:MERCHANT ACCOUNT CO ENTRY DESCR:MERCH CHBK SEC:CCD IND ID:934600000133363 ORIG ID:1464751891,-98.89,ACH_DEBIT, ,
DEBIT,6/24/2025,ORIG CO NAME:MERCHANT ACCOUNT CO ENTRY DESCR:MERCH CHBK SEC:CCD IND ID:934600000133363 ORIG ID:1464751891,-98.89,ACH_DEBIT, ,
DEBIT,6/24/2025,ORIG CO NAME:MERCHANT ACCOUNT CO ENTRY DESCR:MERCH CHBK SEC:CCD IND ID:934600000133363 ORIG ID:1464751891,-12.89,ACH_DEBIT, ,
DEBIT,6/24/2025,ORIG CO NAME:MERCHANT ACCOUNT CO ENTRY DESCR:MERCH CHBK SEC:CCD IND ID:934600000133363 ORIG ID:1464751891,-98.89,ACH_DEBIT, ,
DEBIT,6/24/2025,ORIG CO NAME:MERCHANT ACCOUNT CO ENTRY DESCR:MERCH CHBK SEC:CCD IND ID:934600000133363 ORIG ID:1464751891,-98.89,ACH_DEBIT, ,
DEBIT,6/24/2025,ORIG CO NAME:BANKCARD DEP     CO ENTRY DESCR:MERCH CHBK SEC:CCD IND ID:739769081527645 ORIG ID:203050521,-12.89,ACH_DEBIT, ,
DEBIT,6/24/2025,ORIG CO NAME:MERCH SERV       CO ENTRY DESCR:MERCH CHBK SEC:CCD IND ID:620773430164137 ORIG ID:7620404068,-12.89,ACH_DEBIT, ,
DEBIT,6/24/2025,ORIG CO NAME:MERCH SERV       CO ENTRY DESCR:MERCH CHBK SEC:CCD IND ID:620773430164137 ORIG ID:7620404068,-18.95,ACH_DEBIT, ,
DEBIT,6/24/2025,ORIG CO NAME:MERCH SERV       CO ENTRY DESCR:MERCH CHBK SEC:CCD IND ID:620773430164137 ORIG ID:7620404068,-47.84,ACH_DEBIT, ,
DEBIT,6/24/2025,ORIG CO NAME:MERCH SERV       CO ENTRY DESCR:PPM FEES S SEC:CCD IND ID:620773430164137 ORIG ID:7620404068,-105,ACH_DEBIT, ,
DEBIT,6/24/2025,ORIG CO NAME:GATEWAY SERVICES CO ENTRY DESCR:WEBPAYMENT SEC:WEB IND ID:                ORIG ID:4460522024,-69.6,ACH_DEBIT, ,
DEBIT,6/24/2025,ORIG CO NAME:MERCHANT SERVICE CO ENTRY DESCR:MERCH CHBK SEC:CCD IND ID:180780372299154 ORIG ID:9180404955,-12.89,ACH_DEBIT, ,
DEBIT,6/24/2025,ORIG CO NAME:MERCHANT SERVICE CO ENTRY DESCR:MERCH CHBK SEC:CCD IND ID:180231672299188 ORIG ID:9180404955,-12.89,ACH_DEBIT, ,
CREDIT,6/24/2025,ORIG CO NAME:MERCHANT SERVICE CO ENTRY DESCR:MERCH DEP  SEC:CCD IND ID:180231672299188 ORIG ID:9180404955,10.89,ACH_CREDIT, ,
CREDIT,6/24/2025,ORIG CO NAME:MERCH SERV       CO ENTRY DESCR:MERCH DEP  SEC:CCD IND ID:620773430164137 ORIG ID:7620404068,184.68,ACH_CREDIT, ,
CREDIT,6/24/2025,ORIG CO NAME:MERCHANT SERVICE CO ENTRY DESCR:MERCH DEP  SEC:CCD IND ID:180509062299162 ORIG ID:9180404955,235.11,ACH_CREDIT, ,
CREDIT,6/24/2025,ORIG CO NAME:BANKCARD DEP     CO ENTRY DESCR:MERCH DEP  SEC:CCD IND ID:739704648639803 ORIG ID:203050521,312.78,ACH_CREDIT, ,
CREDIT,6/24/2025,ORIG CO NAME:MERCHANT SERVICE CO ENTRY DESCR:MERCH DEP  SEC:CCD IND ID:180780372299154 ORIG ID:9180404955,324.47,ACH_CREDIT, ,
CREDIT,6/24/2025,ORIG CO NAME:BANKCARD DEP     CO ENTRY DESCR:MERCH DEP  SEC:CCD IND ID:739724341320277 ORIG ID:203050521,541.44,ACH_CREDIT, ,
CREDIT,6/24/2025,ORIG CO NAME:MERCHANT SERVICE CO ENTRY DESCR:MERCH DEP  SEC:CCD IND ID:180616592299170 ORIG ID:9180404955,544.17,ACH_CREDIT, ,
CREDIT,6/24/2025,ORIG CO NAME:BANKCARD DEP     CO ENTRY DESCR:MERCH DEP  SEC:CCD IND ID:739769081527645 ORIG ID:203050521,649.41,ACH_CREDIT, ,
,,,,,,
,,,,,,
,,,,,,
,,,,,,
,,,,,,
,,,,,,
,,,,,,
,,,,,,
,,,,,,
,,,,,,
,,,,,,
,,,,,,
,,,,,,
,,,,,,
,,,,,,
,,,,,,
,,,,,,
,,,,,,
,,,,,,
,,,,,,
,,,,,,
,,,,,,
,,,,,,
,,,,,,
,,,,,,
,,,,,,
,,,,,,
,,,,,,
,,,,,,
,,,,,,
,,,,,,
,,,,,,
,,,,,,
,,,,,,
,,,,,,
,,,,,,
,,,,,,
,,,,,,
,,,,,,
,,,,,,
